CustomerID,Age,Gender,GenderLabel,MaritalStatus,MaritalStatusLabel,IncomeLevel,IncomeLevelLabel,LoginFrequency,ServiceUsage,ServiceUsageLabel,CustomerTotalAmountSpent,InquiryInteraction,InquiryStatusResolved,InquiryStatusUnResolved,FeedBackInteraction,FeedBackStatusResolved,FeedBackStatusUnresolved,ComplaintInteraction,ComplaintStatusResolved,ComplaintStatusUnresolved,ChurnStatus
1,62,M,1,Single,1,Low,1,34,Mobile App,1,416.5,1,1,0,0,0,0,0,0,0,0
2,65,M,1,Married,2,Low,1,5,Website,2,1547.42,1,1,0,0,0,0,0,0,0,1
3,18,M,1,Single,1,Low,1,3,Website,2,1702.98,1,1,0,0,0,0,0,0,0,0
4,21,M,1,Widowed,3,Low,1,2,Website,2,917.29,2,1,1,0,0,0,0,0,0,0
5,21,M,1,Divorced,4,Medium,2,41,Website,2,2001.49,0,0,0,0,0,0,0,0,0,0
6,57,F,0,Divorced,4,Medium,2,2,Website,2,1164.29,0,0,0,1,1,0,0,0,0,0
7,27,F,0,Married,2,High,3,32,Mobile App,1,86.73,0,0,0,0,0,0,0,0,0,0
8,37,M,1,Single,1,Low,1,17,Online Banking,3,2046.88,1,0,1,1,0,1,0,0,0,1
9,39,M,1,Divorced,4,High,3,24,Website,2,1317.24,1,1,0,0,0,0,0,0,0,0
10,68,M,1,Married,2,High,3,29,Online Banking,3,1397.36,0,0,0,0,0,0,0,0,0,1
11,54,M,1,Divorced,4,Medium,2,30,Online Banking,3,1733.83,0,0,0,2,1,1,0,0,0,0
12,41,F,0,Married,2,Low,1,43,Website,2,87.1,1,0,1,1,1,0,0,0,0,0
13,24,F,0,Divorced,4,Low,1,10,Mobile App,1,392.02,0,0,0,0,0,0,1,0,1,0
14,42,M,1,Widowed,3,Medium,2,26,Online Banking,3,2843.59,0,0,0,1,1,0,1,1,0,0
15,42,M,1,Divorced,4,Medium,2,44,Online Banking,3,1914.02,0,0,0,1,0,1,1,1,0,0
16,30,F,0,Single,1,Medium,2,41,Online Banking,3,2019.79,2,2,0,0,0,0,0,0,0,1
17,19,M,1,Married,2,Low,1,8,Online Banking,3,1625.27,2,1,1,0,0,0,0,0,0,0
18,56,F,0,Married,2,High,3,37,Website,2,951.38,1,0,1,0,0,0,0,0,0,1
19,57,F,0,Divorced,4,High,3,39,Online Banking,3,1017.26,0,0,0,0,0,0,2,2,0,0
20,41,M,1,Single,1,Low,1,16,Website,2,2775.85,0,0,0,1,1,0,0,0,0,0
21,64,M,1,Divorced,4,High,3,18,Website,2,913.02,0,0,0,0,0,0,0,0,0,0
22,42,F,0,Divorced,4,Low,1,42,Mobile App,1,1582.73,2,2,0,0,0,0,0,0,0,0
23,35,F,0,Divorced,4,Low,1,19,Mobile App,1,1490.74,0,0,0,0,0,0,2,1,1,0
24,55,M,1,Widowed,3,Medium,2,12,Mobile App,1,1143.22,0,0,0,0,0,0,1,0,1,0
25,43,F,0,Married,2,Low,1,27,Mobile App,1,764.77,0,0,0,1,1,0,0,0,0,0
26,31,M,1,Single,1,Medium,2,45,Mobile App,1,571.76,0,0,0,0,0,0,1,0,1,1
27,26,M,1,Widowed,3,Medium,2,22,Mobile App,1,2210.6,0,0,0,1,0,1,0,0,0,0
28,27,F,0,Widowed,3,High,3,42,Online Banking,3,1702.26,1,0,1,0,0,0,1,1,0,0
29,38,F,0,Divorced,4,Medium,2,34,Website,2,853.07,1,1,0,1,0,1,0,0,0,0
30,69,M,1,Divorced,4,High,3,38,Website,2,706.66,0,0,0,0,0,0,2,1,1,0
31,34,M,1,Divorced,4,Low,1,23,Online Banking,3,1108.56,1,1,0,0,0,0,1,0,1,0
32,69,F,0,Married,2,High,3,48,Mobile App,1,1225.52,0,0,0,0,0,0,0,0,0,0
33,23,M,1,Divorced,4,High,3,24,Mobile App,1,689,0,0,0,1,1,0,0,0,0,1
34,33,M,1,Widowed,3,High,3,44,Online Banking,3,1886.4,0,0,0,2,1,1,0,0,0,0
35,65,M,1,Married,2,Low,1,19,Mobile App,1,779.84,0,0,0,0,0,0,1,1,0,0
36,18,F,0,Widowed,3,Low,1,6,Online Banking,3,1321.55,0,0,0,1,1,0,0,0,0,0
37,36,F,0,Married,2,Medium,2,3,Online Banking,3,3166.88,0,0,0,0,0,0,1,0,1,0
38,53,F,0,Married,2,Low,1,47,Online Banking,3,874.86,1,1,0,0,0,0,0,0,0,0
39,42,M,1,Married,2,Medium,2,26,Online Banking,3,1191.94,0,0,0,0,0,0,0,0,0,0
40,67,F,0,Widowed,3,Low,1,20,Website,2,1578.35,0,0,0,0,0,0,1,0,1,0
41,69,F,0,Married,2,High,3,38,Mobile App,1,363.22,1,0,1,0,0,0,0,0,0,1
42,47,M,1,Widowed,3,Medium,2,10,Mobile App,1,530.61,0,0,0,0,0,0,0,0,0,0
43,37,M,1,Single,1,Low,1,25,Mobile App,1,2213.63,2,1,1,0,0,0,0,0,0,0
44,37,F,0,Widowed,3,Low,1,35,Mobile App,1,687.82,0,0,0,1,0,1,0,0,0,0
45,32,F,0,Widowed,3,Low,1,49,Online Banking,3,300.42,0,0,0,0,0,0,1,1,0,0
46,57,F,0,Married,2,High,3,24,Online Banking,3,134.67,0,0,0,0,0,0,0,0,0,1
47,50,F,0,Married,2,Medium,2,21,Website,2,1466.37,0,0,0,0,0,0,0,0,0,0
48,19,M,1,Divorced,4,Medium,2,34,Website,2,1597.29,0,0,0,0,0,0,0,0,0,0
49,27,F,0,Single,1,Medium,2,18,Online Banking,3,641.48,0,0,0,0,0,0,0,0,0,0
50,50,F,0,Single,1,Low,1,19,Online Banking,3,1514.62,0,0,0,1,0,1,1,1,0,0
51,49,M,1,Divorced,4,Medium,2,3,Mobile App,1,549.86,0,0,0,0,0,0,0,0,0,1
52,28,M,1,Widowed,3,Medium,2,6,Mobile App,1,401.25,0,0,0,0,0,0,0,0,0,0
53,41,F,0,Widowed,3,Low,1,20,Mobile App,1,1255.34,0,0,0,0,0,0,0,0,0,0
54,53,F,0,Married,2,Low,1,22,Online Banking,3,461.21,0,0,0,1,1,0,1,0,1,0
55,29,F,0,Single,1,Low,1,33,Website,2,1129.35,0,0,0,0,0,0,0,0,0,0
56,68,F,0,Married,2,Low,1,14,Mobile App,1,1443.46,0,0,0,0,0,0,0,0,0,0
57,46,F,0,Divorced,4,High,3,44,Online Banking,3,597.75,0,0,0,0,0,0,1,1,0,0
58,52,M,1,Single,1,High,3,9,Online Banking,3,2215.82,1,0,1,0,0,0,1,1,0,0
59,18,M,1,Married,2,Medium,2,45,Online Banking,3,292.51,0,0,0,0,0,0,0,0,0,0
60,18,F,0,Single,1,High,3,25,Mobile App,1,781.09,0,0,0,2,1,1,0,0,0,0
61,54,M,1,Single,1,Low,1,47,Website,2,678.97,0,0,0,0,0,0,1,0,1,1
62,23,F,0,Married,2,High,3,16,Mobile App,1,840,1,1,0,0,0,0,1,0,1,0
63,56,M,1,Married,2,Low,1,7,Mobile App,1,2205.11,0,0,0,0,0,0,0,0,0,0
64,58,F,0,Single,1,High,3,11,Online Banking,3,965.21,0,0,0,0,0,0,0,0,0,0
65,35,F,0,Divorced,4,Low,1,27,Mobile App,1,1359.89,0,0,0,0,0,0,0,0,0,0
66,33,M,1,Widowed,3,Medium,2,40,Online Banking,3,1409.11,0,0,0,0,0,0,0,0,0,0
67,22,F,0,Single,1,Medium,2,17,Online Banking,3,701.76,2,2,0,0,0,0,0,0,0,0
68,59,F,0,Divorced,4,High,3,5,Website,2,886.48,1,0,1,0,0,0,1,1,0,1
69,60,F,0,Single,1,Low,1,29,Mobile App,1,1038.53,0,0,0,1,1,0,0,0,0,0
70,49,F,0,Married,2,Medium,2,10,Mobile App,1,2453.98,0,0,0,0,0,0,0,0,0,0
71,19,F,0,Divorced,4,Low,1,47,Online Banking,3,474.59,1,0,1,1,1,0,0,0,0,1
72,19,F,0,Divorced,4,High,3,25,Online Banking,3,1080.4,0,0,0,0,0,0,2,1,1,1
73,57,M,1,Single,1,Low,1,24,Online Banking,3,2254.22,1,1,0,0,0,0,0,0,0,1
74,59,M,1,Widowed,3,Low,1,44,Mobile App,1,2083.79,0,0,0,0,0,0,1,0,1,0
75,53,F,0,Single,1,High,3,12,Mobile App,1,769.97,1,1,0,0,0,0,0,0,0,1
76,56,F,0,Widowed,3,Medium,2,5,Website,2,883.92,1,1,0,0,0,0,1,1,0,1
77,29,M,1,Divorced,4,High,3,29,Online Banking,3,1797.06,0,0,0,0,0,0,0,0,0,0
78,64,M,1,Widowed,3,Low,1,35,Mobile App,1,816.89,1,0,1,0,0,0,0,0,0,0
79,36,M,1,Married,2,High,3,23,Online Banking,3,931.32,0,0,0,0,0,0,1,0,1,1
80,45,M,1,Widowed,3,High,3,32,Mobile App,1,110.82,0,0,0,0,0,0,0,0,0,0
81,18,F,0,Widowed,3,Low,1,40,Website,2,2181.77,0,0,0,0,0,0,0,0,0,1
82,32,F,0,Divorced,4,High,3,19,Mobile App,1,232.38,0,0,0,0,0,0,0,0,0,0
83,53,M,1,Widowed,3,Medium,2,25,Mobile App,1,1419.92,0,0,0,2,0,2,0,0,0,0
84,30,M,1,Divorced,4,Medium,2,45,Online Banking,3,1545.91,0,0,0,0,0,0,0,0,0,0
85,60,M,1,Married,2,High,3,37,Mobile App,1,1690.08,0,0,0,0,0,0,0,0,0,0
86,38,M,1,Married,2,Low,1,1,Website,2,1674.66,0,0,0,0,0,0,0,0,0,0
87,29,F,0,Single,1,High,3,43,Website,2,1411.84,1,1,0,0,0,0,1,1,0,0
88,22,M,1,Single,1,High,3,13,Online Banking,3,447.34,0,0,0,0,0,0,0,0,0,0
89,24,M,1,Single,1,Medium,2,12,Mobile App,1,1951.99,0,0,0,0,0,0,0,0,0,0
90,22,M,1,Married,2,Medium,2,47,Online Banking,3,1229.96,1,1,0,0,0,0,0,0,0,0
91,65,F,0,Widowed,3,Low,1,43,Mobile App,1,1804.74,1,0,1,1,1,0,0,0,0,0
92,21,F,0,Divorced,4,Low,1,37,Mobile App,1,2265.28,1,1,0,1,0,1,0,0,0,0
93,30,F,0,Married,2,Low,1,42,Mobile App,1,848.07,0,0,0,0,0,0,2,0,2,0
94,54,M,1,Widowed,3,High,3,41,Website,2,1113.61,0,0,0,0,0,0,0,0,0,0
95,58,F,0,Single,1,High,3,12,Online Banking,3,677.27,0,0,0,0,0,0,1,0,1,0
96,32,F,0,Divorced,4,High,3,36,Mobile App,1,161.84,0,0,0,0,0,0,2,2,0,0
97,33,M,1,Single,1,High,3,38,Website,2,553.65,1,1,0,0,0,0,1,0,1,0
98,38,F,0,Divorced,4,Low,1,9,Mobile App,1,893.76,0,0,0,1,1,0,0,0,0,0
99,53,M,1,Widowed,3,Low,1,14,Online Banking,3,889.75,0,0,0,0,0,0,0,0,0,0
100,41,F,0,Married,2,Low,1,45,Online Banking,3,1108.56,0,0,0,1,1,0,1,0,1,1
101,33,F,0,Single,1,High,3,35,Online Banking,3,492.35,1,1,0,1,0,1,0,0,0,0
102,31,M,1,Married,2,High,3,32,Online Banking,3,2029.96,0,0,0,1,1,0,1,1,0,0
103,39,M,1,Widowed,3,Low,1,46,Mobile App,1,2297.73,0,0,0,2,2,0,0,0,0,0
104,66,F,0,Widowed,3,Medium,2,3,Online Banking,3,2666.84,2,1,1,0,0,0,0,0,0,1
105,67,F,0,Widowed,3,Low,1,30,Website,2,1863.6,2,0,2,0,0,0,0,0,0,0
106,23,M,1,Married,2,High,3,49,Mobile App,1,875.08,1,1,0,0,0,0,1,1,0,0
107,59,F,0,Married,2,High,3,7,Online Banking,3,1542.76,0,0,0,0,0,0,0,0,0,1
108,53,M,1,Divorced,4,Low,1,1,Mobile App,1,494.31,1,0,1,1,0,1,0,0,0,1
109,18,M,1,Married,2,Medium,2,20,Mobile App,1,1274.7,1,0,1,0,0,0,1,1,0,0
110,49,M,1,Married,2,Medium,2,25,Website,2,723,1,1,0,1,1,0,0,0,0,1
111,23,F,0,Widowed,3,High,3,33,Website,2,613.18,1,0,1,0,0,0,0,0,0,1
112,48,F,0,Divorced,4,High,3,35,Website,2,750.17,1,1,0,0,0,0,0,0,0,0
113,18,F,0,Married,2,High,3,44,Online Banking,3,1834.01,0,0,0,0,0,0,1,1,0,0
114,67,F,0,Married,2,Low,1,24,Website,2,2133.28,0,0,0,0,0,0,0,0,0,0
115,68,F,0,Widowed,3,High,3,14,Mobile App,1,653.62,0,0,0,0,0,0,0,0,0,0
116,54,M,1,Married,2,High,3,39,Mobile App,1,1504.28,0,0,0,0,0,0,1,0,1,0
117,52,F,0,Widowed,3,High,3,44,Online Banking,3,448.48,0,0,0,0,0,0,0,0,0,0
118,66,M,1,Divorced,4,Medium,2,34,Online Banking,3,1625.39,1,0,1,0,0,0,0,0,0,0
119,47,M,1,Widowed,3,Medium,2,18,Mobile App,1,2012.33,0,0,0,1,1,0,1,0,1,1
120,21,F,0,Widowed,3,High,3,2,Online Banking,3,1168.79,0,0,0,1,0,1,1,0,1,0
121,52,M,1,Divorced,4,Medium,2,38,Mobile App,1,1073.01,0,0,0,0,0,0,2,1,1,0
122,60,F,0,Single,1,Medium,2,17,Mobile App,1,2825.52,0,0,0,1,1,0,0,0,0,1
123,31,M,1,Widowed,3,Medium,2,23,Mobile App,1,938.58,2,2,0,0,0,0,0,0,0,1
124,66,M,1,Married,2,Medium,2,33,Website,2,2283.88,1,1,0,1,1,0,0,0,0,0
125,57,M,1,Widowed,3,Low,1,28,Online Banking,3,744.89,0,0,0,0,0,0,0,0,0,0
126,39,F,0,Divorced,4,Medium,2,15,Website,2,2323.02,0,0,0,0,0,0,0,0,0,0
127,27,F,0,Married,2,Medium,2,11,Website,2,1976.17,0,0,0,1,1,0,0,0,0,0
128,18,F,0,Divorced,4,Medium,2,23,Website,2,630.2,0,0,0,0,0,0,2,1,1,1
129,28,F,0,Widowed,3,Medium,2,13,Website,2,243.55,1,1,0,0,0,0,0,0,0,0
130,68,M,1,Divorced,4,Low,1,47,Mobile App,1,552.23,0,0,0,1,0,1,0,0,0,0
131,61,F,0,Divorced,4,Low,1,11,Website,2,2726.7,1,1,0,0,0,0,0,0,0,0
132,41,F,0,Single,1,High,3,36,Website,2,1879.94,0,0,0,0,0,0,0,0,0,0
133,20,M,1,Widowed,3,Medium,2,38,Mobile App,1,896.27,1,1,0,0,0,0,0,0,0,0
134,52,M,1,Widowed,3,Medium,2,27,Mobile App,1,1570.08,1,0,1,0,0,0,0,0,0,0
135,53,F,0,Widowed,3,High,3,18,Mobile App,1,441.75,0,0,0,0,0,0,0,0,0,0
136,48,M,1,Widowed,3,Low,1,40,Mobile App,1,419.86,0,0,0,0,0,0,0,0,0,0
137,21,F,0,Married,2,High,3,38,Online Banking,3,431.47,0,0,0,0,0,0,0,0,0,1
138,36,M,1,Divorced,4,Low,1,34,Online Banking,3,2804.65,1,0,1,0,0,0,0,0,0,0
139,64,F,0,Widowed,3,High,3,22,Website,2,2045.49,1,0,1,1,1,0,0,0,0,0
140,53,M,1,Married,2,High,3,18,Mobile App,1,1024.23,0,0,0,1,1,0,0,0,0,0
141,38,F,0,Widowed,3,Medium,2,41,Online Banking,3,2483.75,0,0,0,0,0,0,2,0,2,0
142,35,M,1,Divorced,4,High,3,18,Mobile App,1,1391.99,0,0,0,1,0,1,0,0,0,0
143,68,F,0,Widowed,3,Low,1,13,Website,2,343.27,1,1,0,0,0,0,0,0,0,0
144,45,F,0,Married,2,Low,1,39,Online Banking,3,419.85,1,1,0,0,0,0,0,0,0,1
145,32,F,0,Married,2,High,3,16,Online Banking,3,1768.7,0,0,0,1,0,1,1,1,0,0
146,59,F,0,Divorced,4,Low,1,8,Mobile App,1,1373.73,0,0,0,0,0,0,0,0,0,0
147,19,F,0,Widowed,3,High,3,34,Mobile App,1,2260.34,0,0,0,1,1,0,1,1,0,0
148,54,F,0,Married,2,Medium,2,29,Website,2,13.04,1,0,1,0,0,0,1,0,1,0
149,28,M,1,Single,1,Medium,2,6,Online Banking,3,444.84,0,0,0,0,0,0,1,0,1,0
150,40,F,0,Widowed,3,Medium,2,38,Mobile App,1,1193.26,0,0,0,0,0,0,0,0,0,0
151,61,M,1,Single,1,Medium,2,36,Mobile App,1,334.2,1,1,0,1,0,1,0,0,0,0
152,58,F,0,Married,2,High,3,48,Mobile App,1,1448.8,0,0,0,0,0,0,0,0,0,0
153,29,M,1,Married,2,Low,1,42,Online Banking,3,1735.16,0,0,0,0,0,0,1,1,0,0
154,20,F,0,Divorced,4,High,3,26,Mobile App,1,1753.55,0,0,0,0,0,0,0,0,0,0
155,69,M,1,Divorced,4,Low,1,18,Website,2,1883.08,0,0,0,0,0,0,2,0,2,0
156,34,F,0,Widowed,3,High,3,11,Mobile App,1,702.92,0,0,0,0,0,0,0,0,0,0
157,50,M,1,Married,2,Low,1,27,Mobile App,1,2412.68,0,0,0,0,0,0,0,0,0,0
158,18,F,0,Married,2,Low,1,30,Online Banking,3,1471.29,0,0,0,0,0,0,0,0,0,0
159,56,M,1,Married,2,High,3,18,Website,2,25.75,1,0,1,0,0,0,1,1,0,0
160,37,M,1,Married,2,Medium,2,43,Online Banking,3,2053.13,1,0,1,0,0,0,1,0,1,1
161,64,M,1,Single,1,High,3,4,Mobile App,1,1983.84,0,0,0,0,0,0,1,1,0,0
162,60,F,0,Married,2,Medium,2,6,Mobile App,1,425.88,0,0,0,1,0,1,1,0,1,0
163,69,M,1,Divorced,4,High,3,22,Mobile App,1,1064.88,1,0,1,1,1,0,0,0,0,0
164,58,F,0,Widowed,3,Low,1,2,Website,2,955.49,0,0,0,1,1,0,0,0,0,1
165,31,F,0,Widowed,3,Medium,2,47,Mobile App,1,181.34,0,0,0,0,0,0,0,0,0,0
166,48,F,0,Widowed,3,Low,1,48,Online Banking,3,1241.5,0,0,0,1,1,0,0,0,0,0
167,42,F,0,Single,1,Low,1,40,Website,2,2356.35,0,0,0,1,1,0,0,0,0,0
168,20,M,1,Married,2,Low,1,32,Website,2,1126.93,0,0,0,0,0,0,2,1,1,1
169,21,F,0,Widowed,3,High,3,39,Mobile App,1,2164.75,1,0,1,0,0,0,0,0,0,0
170,48,M,1,Divorced,4,Low,1,21,Website,2,1448.33,1,0,1,0,0,0,0,0,0,1
171,52,F,0,Single,1,High,3,8,Mobile App,1,2532.71,0,0,0,1,1,0,0,0,0,0
172,61,M,1,Married,2,Medium,2,25,Website,2,1972.76,1,1,0,0,0,0,1,1,0,0
173,31,F,0,Married,2,Low,1,41,Mobile App,1,606.09,1,1,0,0,0,0,0,0,0,0
174,66,F,0,Married,2,Medium,2,36,Mobile App,1,1801.46,0,0,0,0,0,0,1,1,0,1
175,58,M,1,Married,2,Medium,2,4,Website,2,1218.9,2,1,1,0,0,0,0,0,0,0
176,26,F,0,Single,1,High,3,15,Website,2,936.78,0,0,0,0,0,0,0,0,0,1
177,37,F,0,Divorced,4,Medium,2,28,Website,2,429.79,1,0,1,0,0,0,0,0,0,0
178,49,F,0,Married,2,High,3,20,Website,2,741.63,0,0,0,0,0,0,0,0,0,0
179,26,F,0,Single,1,High,3,38,Website,2,412.58,0,0,0,0,0,0,0,0,0,0
180,44,F,0,Single,1,Medium,2,6,Online Banking,3,1985.93,0,0,0,0,0,0,0,0,0,0
181,20,F,0,Divorced,4,Medium,2,30,Mobile App,1,715.68,0,0,0,0,0,0,0,0,0,0
182,21,F,0,Single,1,Medium,2,32,Online Banking,3,1491.65,2,2,0,0,0,0,0,0,0,0
183,62,F,0,Single,1,High,3,49,Online Banking,3,1135.44,1,1,0,0,0,0,0,0,0,1
184,32,M,1,Widowed,3,High,3,41,Online Banking,3,97.19,0,0,0,0,0,0,0,0,0,0
185,50,F,0,Widowed,3,Medium,2,4,Online Banking,3,1284.89,1,1,0,0,0,0,1,0,1,0
186,22,M,1,Divorced,4,High,3,35,Mobile App,1,460.87,0,0,0,0,0,0,0,0,0,0
187,21,F,0,Widowed,3,Medium,2,30,Mobile App,1,513.26,0,0,0,1,1,0,1,0,1,0
188,63,M,1,Single,1,High,3,49,Mobile App,1,1768.25,1,0,1,1,1,0,0,0,0,0
189,29,M,1,Single,1,High,3,41,Mobile App,1,574.47,1,0,1,1,1,0,0,0,0,0
190,40,M,1,Divorced,4,Low,1,22,Website,2,1417.97,1,0,1,0,0,0,0,0,0,1
191,31,F,0,Single,1,Low,1,2,Website,2,1942.65,1,0,1,1,1,0,0,0,0,0
192,63,F,0,Divorced,4,Medium,2,12,Website,2,1172.53,0,0,0,1,1,0,1,1,0,0
193,29,M,1,Widowed,3,Low,1,34,Website,2,270.34,1,0,1,1,1,0,0,0,0,0
194,34,F,0,Widowed,3,High,3,34,Website,2,1388.97,0,0,0,0,0,0,0,0,0,0
195,42,F,0,Married,2,Medium,2,14,Website,2,1711.71,1,0,1,1,1,0,0,0,0,0
196,47,M,1,Widowed,3,Low,1,39,Website,2,2134.16,1,0,1,0,0,0,1,1,0,0
197,39,F,0,Married,2,Medium,2,39,Online Banking,3,925.43,1,0,1,0,0,0,1,0,1,1
198,64,M,1,Married,2,Medium,2,45,Online Banking,3,1461.25,0,0,0,0,0,0,0,0,0,0
199,43,M,1,Married,2,High,3,6,Website,2,1270.25,0,0,0,1,1,0,1,1,0,0
200,34,F,0,Single,1,Low,1,8,Online Banking,3,1702.06,1,1,0,0,0,0,1,0,1,0
201,37,M,1,Married,2,High,3,27,Online Banking,3,956.58,1,1,0,1,0,1,0,0,0,1
202,51,F,0,Widowed,3,Medium,2,12,Mobile App,1,336.18,1,1,0,1,1,0,0,0,0,0
203,58,F,0,Divorced,4,Medium,2,21,Website,2,1767.9,0,0,0,0,0,0,2,0,2,0
204,50,F,0,Widowed,3,Medium,2,38,Online Banking,3,454.14,0,0,0,2,1,1,0,0,0,0
205,54,F,0,Divorced,4,Low,1,4,Mobile App,1,741.97,0,0,0,0,0,0,0,0,0,0
206,24,M,1,Widowed,3,High,3,25,Mobile App,1,99.58,0,0,0,0,0,0,0,0,0,0
207,39,F,0,Divorced,4,High,3,43,Website,2,1799.17,0,0,0,0,0,0,0,0,0,0
208,49,F,0,Widowed,3,Low,1,24,Online Banking,3,436.89,0,0,0,0,0,0,0,0,0,0
209,31,F,0,Divorced,4,High,3,12,Mobile App,1,1328.06,0,0,0,0,0,0,0,0,0,0
210,25,M,1,Married,2,High,3,29,Online Banking,3,1727.27,0,0,0,0,0,0,0,0,0,0
211,42,M,1,Divorced,4,Medium,2,35,Online Banking,3,1222.21,0,0,0,0,0,0,0,0,0,0
212,33,F,0,Married,2,Medium,2,37,Website,2,1047.61,0,0,0,1,1,0,0,0,0,0
213,59,F,0,Widowed,3,Medium,2,30,Website,2,2092.89,0,0,0,0,0,0,1,0,1,1
214,36,F,0,Divorced,4,Low,1,41,Online Banking,3,734.1,0,0,0,0,0,0,0,0,0,0
215,58,F,0,Divorced,4,Medium,2,42,Online Banking,3,1343.7,1,0,1,0,0,0,1,1,0,0
216,33,F,0,Widowed,3,High,3,35,Mobile App,1,1570.86,0,0,0,2,2,0,0,0,0,0
217,29,M,1,Married,2,Low,1,1,Online Banking,3,2576.78,0,0,0,1,0,1,0,0,0,1
218,56,F,0,Married,2,High,3,40,Mobile App,1,1766.57,0,0,0,0,0,0,0,0,0,0
219,65,M,1,Single,1,Low,1,26,Online Banking,3,1624.32,0,0,0,0,0,0,0,0,0,0
220,47,M,1,Single,1,High,3,35,Online Banking,3,1030.46,0,0,0,0,0,0,0,0,0,0
221,19,F,0,Single,1,Low,1,42,Mobile App,1,1277.29,0,0,0,0,0,0,1,0,1,1
222,49,M,1,Divorced,4,High,3,7,Website,2,1702.45,0,0,0,0,0,0,0,0,0,0
223,62,F,0,Divorced,4,Medium,2,4,Online Banking,3,1736.26,1,1,0,0,0,0,0,0,0,0
224,42,M,1,Divorced,4,Low,1,5,Website,2,2520.32,0,0,0,0,0,0,0,0,0,0
225,42,M,1,Widowed,3,High,3,39,Online Banking,3,2650.29,0,0,0,2,1,1,0,0,0,0
226,21,F,0,Single,1,High,3,11,Mobile App,1,1461.18,0,0,0,1,0,1,0,0,0,0
227,36,M,1,Widowed,3,High,3,15,Online Banking,3,1250.35,0,0,0,0,0,0,0,0,0,1
228,65,F,0,Single,1,High,3,32,Website,2,2185.36,1,0,1,1,1,0,0,0,0,0
229,21,F,0,Single,1,Medium,2,37,Website,2,2559.03,1,0,1,0,0,0,0,0,0,0
230,60,F,0,Divorced,4,Medium,2,9,Online Banking,3,1468.07,0,0,0,0,0,0,2,1,1,1
231,30,F,0,Married,2,Low,1,47,Online Banking,3,1353.42,0,0,0,0,0,0,0,0,0,1
232,56,F,0,Single,1,Low,1,32,Online Banking,3,2082.19,0,0,0,2,0,2,0,0,0,0
233,53,F,0,Married,2,High,3,33,Website,2,817.42,2,2,0,0,0,0,0,0,0,0
234,40,M,1,Widowed,3,Low,1,23,Online Banking,3,1576.7,0,0,0,0,0,0,0,0,0,1
235,23,M,1,Divorced,4,High,3,15,Mobile App,1,770.5,0,0,0,2,0,2,0,0,0,0
236,41,F,0,Single,1,Low,1,30,Online Banking,3,1482.99,0,0,0,1,1,0,1,0,1,1
237,61,M,1,Divorced,4,Low,1,16,Online Banking,3,398.99,0,0,0,0,0,0,0,0,0,1
238,50,M,1,Widowed,3,High,3,22,Mobile App,1,762.44,1,0,1,0,0,0,0,0,0,1
239,29,F,0,Married,2,Medium,2,43,Mobile App,1,2654.84,0,0,0,0,0,0,1,1,0,1
240,58,M,1,Divorced,4,High,3,30,Online Banking,3,859.47,0,0,0,0,0,0,1,0,1,0
241,38,F,0,Divorced,4,Medium,2,1,Mobile App,1,2185.93,0,0,0,0,0,0,1,0,1,0
242,28,F,0,Single,1,Low,1,35,Online Banking,3,726.73,0,0,0,1,1,0,1,1,0,1
243,61,M,1,Married,2,Medium,2,18,Website,2,2362.18,1,0,1,0,0,0,0,0,0,0
244,55,F,0,Widowed,3,High,3,15,Online Banking,3,1649.9,0,0,0,0,0,0,2,2,0,0
245,46,F,0,Single,1,Low,1,21,Online Banking,3,2965.09,0,0,0,0,0,0,0,0,0,0
246,65,F,0,Divorced,4,Medium,2,40,Mobile App,1,1171.14,1,1,0,0,0,0,0,0,0,0
247,58,F,0,Divorced,4,Medium,2,2,Online Banking,3,1887.68,0,0,0,1,1,0,1,0,1,0
248,20,M,1,Married,2,High,3,30,Online Banking,3,1519.14,0,0,0,0,0,0,1,1,0,1
249,45,F,0,Widowed,3,Low,1,40,Website,2,356.39,0,0,0,0,0,0,1,1,0,0
250,37,M,1,Widowed,3,Low,1,32,Website,2,1607.36,1,1,0,0,0,0,0,0,0,0
251,43,F,0,Divorced,4,Medium,2,28,Website,2,1968.79,0,0,0,0,0,0,1,0,1,1
252,41,M,1,Widowed,3,Medium,2,11,Online Banking,3,980.71,0,0,0,0,0,0,0,0,0,1
253,69,M,1,Single,1,Medium,2,7,Online Banking,3,1319.11,0,0,0,0,0,0,1,0,1,0
254,64,F,0,Married,2,Low,1,1,Mobile App,1,2220.26,1,1,0,0,0,0,1,1,0,1
255,38,M,1,Divorced,4,Medium,2,43,Mobile App,1,2672.69,0,0,0,0,0,0,1,1,0,0
256,47,F,0,Widowed,3,Medium,2,28,Mobile App,1,208.67,1,1,0,1,0,1,0,0,0,0
257,21,F,0,Widowed,3,Low,1,39,Website,2,92.62,1,1,0,0,0,0,0,0,0,0
258,53,M,1,Single,1,Low,1,19,Mobile App,1,832.85,0,0,0,1,1,0,1,1,0,0
259,57,M,1,Widowed,3,High,3,39,Online Banking,3,1469.67,0,0,0,1,1,0,0,0,0,0
260,27,M,1,Single,1,Low,1,32,Website,2,2395.72,1,1,0,0,0,0,0,0,0,1
261,27,M,1,Married,2,Low,1,49,Online Banking,3,489.07,0,0,0,0,0,0,1,1,0,1
262,59,F,0,Divorced,4,High,3,30,Website,2,2940.59,0,0,0,2,0,2,0,0,0,1
263,41,M,1,Single,1,Low,1,2,Website,2,13.04,0,0,0,1,1,0,1,0,1,0
264,21,F,0,Widowed,3,High,3,44,Online Banking,3,525.02,1,1,0,0,0,0,0,0,0,0
265,64,M,1,Widowed,3,Low,1,43,Online Banking,3,1511.87,0,0,0,0,0,0,0,0,0,0
266,44,M,1,Married,2,High,3,37,Online Banking,3,459.39,1,1,0,0,0,0,0,0,0,0
267,68,F,0,Single,1,Medium,2,19,Online Banking,3,461.36,1,0,1,0,0,0,0,0,0,0
268,62,M,1,Divorced,4,Medium,2,26,Mobile App,1,1096.16,0,0,0,0,0,0,0,0,0,0
269,21,F,0,Widowed,3,Medium,2,1,Mobile App,1,2123.87,0,0,0,2,1,1,0,0,0,0
270,49,M,1,Single,1,High,3,42,Mobile App,1,734.74,1,0,1,0,0,0,0,0,0,0
271,27,M,1,Widowed,3,Medium,2,28,Online Banking,3,865.97,0,0,0,0,0,0,0,0,0,1
272,28,F,0,Divorced,4,Low,1,26,Online Banking,3,1170.04,1,0,1,1,0,1,0,0,0,1
273,45,F,0,Single,1,High,3,40,Mobile App,1,1562.83,0,0,0,0,0,0,0,0,0,0
274,63,F,0,Widowed,3,Low,1,35,Online Banking,3,1117.33,0,0,0,1,0,1,0,0,0,0
275,25,F,0,Divorced,4,Low,1,3,Website,2,605.79,1,0,1,1,1,0,0,0,0,0
276,57,F,0,Single,1,Low,1,26,Online Banking,3,2069.7,0,0,0,0,0,0,0,0,0,1
277,39,F,0,Single,1,High,3,33,Mobile App,1,1217.78,0,0,0,0,0,0,0,0,0,0
278,51,F,0,Married,2,Low,1,22,Online Banking,3,1423.1,0,0,0,1,0,1,0,0,0,0
279,62,M,1,Divorced,4,Medium,2,6,Mobile App,1,1209.94,1,1,0,0,0,0,0,0,0,0
280,52,F,0,Single,1,High,3,42,Online Banking,3,836.33,1,1,0,0,0,0,1,1,0,0
281,52,M,1,Married,2,Medium,2,34,Online Banking,3,1563.95,1,1,0,0,0,0,0,0,0,0
282,42,M,1,Single,1,High,3,3,Online Banking,3,2016.68,0,0,0,1,1,0,0,0,0,1
283,51,F,0,Widowed,3,Low,1,17,Online Banking,3,1362.86,0,0,0,0,0,0,0,0,0,1
284,23,M,1,Married,2,Medium,2,6,Mobile App,1,1683.13,0,0,0,0,0,0,0,0,0,0
285,58,M,1,Single,1,High,3,42,Mobile App,1,1026.59,0,0,0,0,0,0,0,0,0,0
286,54,F,0,Widowed,3,Low,1,5,Website,2,512.19,0,0,0,2,1,1,0,0,0,1
287,18,M,1,Widowed,3,Low,1,20,Website,2,615.07,2,1,1,0,0,0,0,0,0,0
288,29,F,0,Widowed,3,High,3,1,Website,2,2217.85,1,0,1,0,0,0,1,1,0,0
289,52,M,1,Married,2,High,3,24,Mobile App,1,30.48,0,0,0,0,0,0,0,0,0,0
290,23,M,1,Widowed,3,High,3,9,Mobile App,1,403.33,1,0,1,0,0,0,0,0,0,0
291,34,F,0,Divorced,4,High,3,15,Website,2,1572.74,0,0,0,1,0,1,1,1,0,0
292,26,M,1,Single,1,Medium,2,37,Website,2,2429.7,0,0,0,2,1,1,0,0,0,0
293,19,M,1,Divorced,4,High,3,18,Mobile App,1,209.68,0,0,0,0,0,0,0,0,0,0
294,35,F,0,Widowed,3,Low,1,22,Online Banking,3,1882.08,1,1,0,0,0,0,0,0,0,0
295,66,F,0,Widowed,3,Medium,2,11,Website,2,960.99,0,0,0,0,0,0,0,0,0,0
296,53,M,1,Divorced,4,Low,1,38,Mobile App,1,261.24,1,0,1,0,0,0,0,0,0,0
297,45,M,1,Married,2,Low,1,3,Mobile App,1,1714.09,0,0,0,0,0,0,0,0,0,0
298,58,F,0,Widowed,3,High,3,29,Website,2,1305.25,0,0,0,1,0,1,0,0,0,0
299,54,M,1,Widowed,3,Medium,2,46,Mobile App,1,9.8,2,1,1,0,0,0,0,0,0,0
300,66,F,0,Divorced,4,High,3,32,Website,2,926.53,1,1,0,1,1,0,0,0,0,0
301,43,F,0,Widowed,3,Low,1,34,Online Banking,3,1298.95,1,1,0,0,0,0,0,0,0,0
302,21,M,1,Widowed,3,High,3,8,Website,2,925.58,1,1,0,1,1,0,0,0,0,0
303,57,F,0,Married,2,High,3,34,Online Banking,3,948.96,0,0,0,0,0,0,1,0,1,0
304,53,F,0,Married,2,High,3,5,Online Banking,3,695.73,1,0,1,0,0,0,0,0,0,0
305,68,M,1,Married,2,High,3,9,Mobile App,1,288.26,0,0,0,0,0,0,0,0,0,0
306,48,F,0,Married,2,High,3,17,Mobile App,1,2285.6,0,0,0,0,0,0,0,0,0,0
307,47,M,1,Married,2,High,3,20,Mobile App,1,1416.68,0,0,0,0,0,0,1,0,1,0
308,67,M,1,Widowed,3,Medium,2,42,Mobile App,1,1791.69,0,0,0,0,0,0,0,0,0,0
309,51,M,1,Single,1,High,3,27,Online Banking,3,1400.5,1,1,0,0,0,0,0,0,0,0
310,36,F,0,Widowed,3,Medium,2,5,Online Banking,3,1058.14,0,0,0,0,0,0,0,0,0,0
311,35,M,1,Widowed,3,High,3,46,Mobile App,1,592.9,0,0,0,0,0,0,2,0,2,1
312,47,M,1,Single,1,Medium,2,29,Website,2,283.16,1,0,1,1,0,1,0,0,0,0
313,38,M,1,Divorced,4,Low,1,11,Online Banking,3,34.91,0,0,0,0,0,0,0,0,0,0
314,20,M,1,Single,1,Medium,2,26,Mobile App,1,536.29,1,0,1,0,0,0,0,0,0,0
315,23,F,0,Married,2,Medium,2,23,Mobile App,1,601.31,0,0,0,0,0,0,1,1,0,1
316,55,F,0,Widowed,3,Low,1,18,Mobile App,1,649.71,0,0,0,0,0,0,0,0,0,0
317,30,M,1,Married,2,High,3,20,Website,2,467.83,0,0,0,0,0,0,2,2,0,0
318,62,F,0,Single,1,High,3,44,Website,2,2145.44,0,0,0,0,0,0,0,0,0,0
319,20,F,0,Divorced,4,Medium,2,21,Online Banking,3,477.46,0,0,0,0,0,0,0,0,0,0
320,65,F,0,Divorced,4,High,3,26,Online Banking,3,823.75,0,0,0,1,1,0,1,1,0,0
321,45,M,1,Widowed,3,High,3,32,Online Banking,3,2007.24,0,0,0,1,1,0,1,1,0,0
322,39,F,0,Single,1,Low,1,1,Online Banking,3,61.98,1,0,1,1,0,1,0,0,0,0
323,57,F,0,Married,2,High,3,2,Website,2,839.3,1,1,0,0,0,0,0,0,0,1
324,57,F,0,Married,2,High,3,4,Mobile App,1,1369.7,0,0,0,0,0,0,2,2,0,0
325,29,F,0,Divorced,4,Medium,2,41,Online Banking,3,553.79,0,0,0,0,0,0,2,2,0,0
326,40,F,0,Widowed,3,High,3,10,Website,2,605.89,0,0,0,0,0,0,0,0,0,0
327,48,M,1,Single,1,High,3,28,Website,2,403.37,1,1,0,0,0,0,1,1,0,0
328,35,F,0,Married,2,Medium,2,49,Mobile App,1,848.26,0,0,0,0,0,0,0,0,0,0
329,24,F,0,Divorced,4,Medium,2,37,Online Banking,3,2361.19,0,0,0,1,0,1,0,0,0,0
330,25,M,1,Widowed,3,Medium,2,17,Mobile App,1,2582.54,0,0,0,0,0,0,0,0,0,0
331,36,M,1,Divorced,4,High,3,30,Website,2,908.32,0,0,0,1,1,0,1,1,0,0
332,46,M,1,Widowed,3,High,3,6,Website,2,1577.44,0,0,0,0,0,0,0,0,0,0
333,61,M,1,Single,1,High,3,11,Website,2,2439.39,1,0,1,0,0,0,1,0,1,0
334,37,F,0,Divorced,4,High,3,11,Online Banking,3,1719.37,0,0,0,0,0,0,1,0,1,0
335,67,F,0,Married,2,High,3,2,Mobile App,1,756.52,0,0,0,2,2,0,0,0,0,1
336,59,F,0,Widowed,3,High,3,20,Mobile App,1,135.94,0,0,0,0,0,0,0,0,0,0
337,47,F,0,Divorced,4,Medium,2,34,Website,2,608.06,0,0,0,0,0,0,0,0,0,0
338,64,F,0,Widowed,3,Medium,2,41,Mobile App,1,13.86,0,0,0,0,0,0,0,0,0,0
339,39,M,1,Divorced,4,High,3,1,Website,2,682.94,0,0,0,1,1,0,0,0,0,0
340,27,F,0,Divorced,4,Low,1,48,Mobile App,1,1147.08,0,0,0,0,0,0,1,1,0,0
341,43,M,1,Single,1,Medium,2,27,Online Banking,3,1022.86,0,0,0,1,1,0,0,0,0,0
342,68,M,1,Married,2,High,3,26,Online Banking,3,2295.76,0,0,0,1,1,0,0,0,0,1
343,50,M,1,Divorced,4,Medium,2,26,Online Banking,3,924.63,1,1,0,1,1,0,0,0,0,0
344,45,F,0,Single,1,Low,1,8,Mobile App,1,1466.6,0,0,0,1,0,1,1,0,1,0
345,27,F,0,Widowed,3,Medium,2,29,Online Banking,3,1980.5,1,1,0,0,0,0,0,0,0,0
346,46,M,1,Widowed,3,Medium,2,17,Online Banking,3,1641.62,1,0,1,0,0,0,0,0,0,0
347,61,M,1,Divorced,4,Medium,2,33,Mobile App,1,1974.45,0,0,0,1,1,0,1,1,0,0
348,35,M,1,Married,2,Medium,2,1,Online Banking,3,704.7,0,0,0,0,0,0,1,0,1,0
349,59,M,1,Widowed,3,High,3,24,Mobile App,1,1376.54,0,0,0,0,0,0,2,0,2,0
350,18,M,1,Divorced,4,Low,1,25,Online Banking,3,2702.27,0,0,0,0,0,0,1,1,0,0
351,40,M,1,Widowed,3,High,3,1,Mobile App,1,588.68,0,0,0,0,0,0,1,1,0,1
352,34,F,0,Single,1,Medium,2,26,Website,2,1493.9,0,0,0,0,0,0,2,1,1,0
353,60,M,1,Divorced,4,Medium,2,16,Online Banking,3,266.08,1,1,0,1,0,1,0,0,0,1
354,54,M,1,Divorced,4,Medium,2,49,Online Banking,3,324.4,0,0,0,1,0,1,0,0,0,0
355,48,M,1,Divorced,4,Low,1,33,Website,2,368.57,1,1,0,0,0,0,1,1,0,0
356,42,M,1,Single,1,Low,1,28,Mobile App,1,2316.37,0,0,0,0,0,0,0,0,0,0
357,21,M,1,Divorced,4,High,3,45,Online Banking,3,780.18,1,1,0,1,0,1,0,0,0,0
358,69,F,0,Divorced,4,Medium,2,24,Mobile App,1,2282.89,0,0,0,0,0,0,1,1,0,1
359,26,M,1,Single,1,Low,1,36,Website,2,2154.17,0,0,0,0,0,0,1,0,1,0
360,45,F,0,Widowed,3,Medium,2,14,Online Banking,3,1731.26,0,0,0,1,1,0,1,0,1,0
361,47,M,1,Single,1,High,3,49,Mobile App,1,2348.41,0,0,0,0,0,0,0,0,0,0
362,64,M,1,Married,2,High,3,5,Mobile App,1,469.14,0,0,0,1,1,0,1,1,0,1
363,41,F,0,Single,1,Low,1,27,Online Banking,3,1514.16,0,0,0,0,0,0,1,0,1,0
364,50,M,1,Widowed,3,High,3,14,Mobile App,1,286.8,2,2,0,0,0,0,0,0,0,0
365,37,F,0,Divorced,4,Low,1,24,Online Banking,3,1188.84,0,0,0,1,1,0,0,0,0,1
366,26,F,0,Divorced,4,Medium,2,46,Website,2,2518.16,0,0,0,0,0,0,0,0,0,0
367,25,F,0,Single,1,Low,1,28,Mobile App,1,2197.79,0,0,0,0,0,0,1,1,0,0
368,41,F,0,Married,2,High,3,8,Online Banking,3,1939.2,0,0,0,0,0,0,0,0,0,0
369,31,F,0,Single,1,Medium,2,35,Website,2,3352.34,1,0,1,0,0,0,0,0,0,0
370,35,F,0,Married,2,High,3,47,Online Banking,3,1239.81,1,0,1,1,1,0,0,0,0,0
371,18,M,1,Single,1,Medium,2,35,Website,2,1454.45,0,0,0,2,2,0,0,0,0,0
372,29,F,0,Married,2,Medium,2,23,Website,2,35.85,0,0,0,1,1,0,1,1,0,0
373,46,M,1,Married,2,Medium,2,13,Online Banking,3,267.09,0,0,0,0,0,0,1,1,0,0
374,54,M,1,Divorced,4,Medium,2,47,Online Banking,3,2143.59,0,0,0,0,0,0,0,0,0,0
375,43,F,0,Married,2,High,3,17,Website,2,133.2,0,0,0,1,0,1,0,0,0,0
376,50,F,0,Divorced,4,Low,1,31,Website,2,1143.8,0,0,0,0,0,0,1,0,1,0
377,60,F,0,Single,1,Medium,2,10,Online Banking,3,2366.3,1,1,0,1,0,1,0,0,0,0
378,32,M,1,Single,1,High,3,36,Website,2,1333.6,0,0,0,1,1,0,1,1,0,0
379,40,F,0,Single,1,High,3,29,Online Banking,3,1582.08,0,0,0,0,0,0,1,0,1,0
380,46,F,0,Single,1,High,3,16,Mobile App,1,1172.66,0,0,0,0,0,0,0,0,0,0
381,38,M,1,Single,1,Low,1,33,Website,2,1087.62,1,1,0,0,0,0,0,0,0,1
382,36,F,0,Divorced,4,High,3,14,Mobile App,1,2467.11,1,1,0,0,0,0,0,0,0,0
383,22,M,1,Single,1,High,3,7,Online Banking,3,800.56,0,0,0,1,0,1,1,0,1,0
384,40,F,0,Married,2,Low,1,33,Website,2,339.17,1,0,1,0,0,0,1,0,1,0
385,53,M,1,Widowed,3,High,3,3,Mobile App,1,1338.28,0,0,0,0,0,0,0,0,0,1
386,37,F,0,Divorced,4,High,3,26,Website,2,773.11,1,1,0,0,0,0,0,0,0,0
387,25,M,1,Married,2,Low,1,39,Website,2,47.52,1,0,1,0,0,0,1,1,0,0
388,26,F,0,Widowed,3,Low,1,5,Online Banking,3,1787.42,0,0,0,0,0,0,0,0,0,1
389,31,F,0,Widowed,3,Low,1,23,Online Banking,3,522.89,0,0,0,0,0,0,0,0,0,1
390,23,M,1,Divorced,4,Medium,2,33,Mobile App,1,281.95,0,0,0,0,0,0,0,0,0,0
391,18,F,0,Married,2,Low,1,30,Mobile App,1,1990.15,0,0,0,0,0,0,0,0,0,0
392,26,F,0,Widowed,3,Medium,2,33,Mobile App,1,1533.34,1,1,0,0,0,0,0,0,0,0
393,33,M,1,Widowed,3,Medium,2,43,Website,2,1960.83,1,1,0,0,0,0,0,0,0,0
394,33,M,1,Divorced,4,Low,1,25,Online Banking,3,2346.48,0,0,0,1,0,1,1,0,1,0
395,29,F,0,Single,1,Medium,2,22,Online Banking,3,680.27,0,0,0,1,1,0,1,1,0,1
396,22,M,1,Widowed,3,High,3,1,Online Banking,3,865.73,0,0,0,0,0,0,2,2,0,1
397,57,F,0,Divorced,4,High,3,10,Online Banking,3,2322.98,0,0,0,0,0,0,0,0,0,0
398,46,F,0,Divorced,4,Low,1,23,Online Banking,3,1678.12,0,0,0,1,1,0,0,0,0,0
399,63,M,1,Married,2,Medium,2,33,Website,2,568.35,1,1,0,0,0,0,0,0,0,0
400,44,M,1,Divorced,4,High,3,39,Online Banking,3,2309.85,0,0,0,0,0,0,0,0,0,0
401,28,F,0,Divorced,4,Medium,2,28,Website,2,1273.36,0,0,0,1,1,0,1,1,0,0
402,64,M,1,Single,1,Medium,2,43,Mobile App,1,609.58,1,1,0,1,0,1,0,0,0,1
403,67,F,0,Widowed,3,High,3,8,Online Banking,3,1645.76,0,0,0,1,1,0,1,0,1,0
404,45,M,1,Married,2,Low,1,27,Mobile App,1,2787.1,0,0,0,0,0,0,1,0,1,1
405,69,F,0,Divorced,4,Medium,2,5,Online Banking,3,508.49,0,0,0,0,0,0,0,0,0,0
406,53,F,0,Married,2,High,3,15,Website,2,2017.78,0,0,0,0,0,0,2,1,1,0
407,59,F,0,Widowed,3,Low,1,48,Mobile App,1,2722.74,0,0,0,0,0,0,1,1,0,1
408,36,F,0,Divorced,4,Medium,2,22,Online Banking,3,2101.4,0,0,0,1,0,1,1,0,1,0
409,52,F,0,Divorced,4,Medium,2,35,Mobile App,1,1524.84,0,0,0,1,0,1,0,0,0,0
410,69,F,0,Married,2,Medium,2,30,Online Banking,3,1426.2,1,0,1,0,0,0,0,0,0,0
411,48,F,0,Single,1,Medium,2,48,Website,2,87.02,0,0,0,0,0,0,0,0,0,1
412,61,M,1,Widowed,3,Low,1,44,Website,2,184.86,0,0,0,0,0,0,0,0,0,0
413,36,M,1,Widowed,3,Medium,2,33,Website,2,1592.61,1,0,1,1,0,1,0,0,0,0
414,63,M,1,Widowed,3,High,3,30,Online Banking,3,1497.89,0,0,0,1,1,0,0,0,0,0
415,41,F,0,Divorced,4,High,3,36,Online Banking,3,354.64,1,1,0,0,0,0,0,0,0,0
416,19,M,1,Divorced,4,High,3,16,Online Banking,3,1442.26,0,0,0,1,0,1,1,1,0,0
417,24,M,1,Divorced,4,Low,1,38,Website,2,873.63,0,0,0,0,0,0,0,0,0,0
418,60,M,1,Married,2,High,3,23,Online Banking,3,1282.72,1,1,0,0,0,0,1,1,0,0
419,66,M,1,Widowed,3,Medium,2,37,Online Banking,3,1254.43,0,0,0,0,0,0,0,0,0,1
420,48,F,0,Widowed,3,Medium,2,37,Website,2,2140.54,0,0,0,1,1,0,1,0,1,0
421,34,F,0,Widowed,3,High,3,28,Mobile App,1,594.42,0,0,0,0,0,0,1,1,0,0
422,44,M,1,Single,1,Low,1,14,Mobile App,1,1770.89,0,0,0,1,1,0,0,0,0,1
423,53,F,0,Divorced,4,Low,1,4,Mobile App,1,1329.45,0,0,0,0,0,0,0,0,0,0
424,67,F,0,Widowed,3,Medium,2,39,Website,2,965.41,1,0,1,0,0,0,0,0,0,0
425,60,F,0,Widowed,3,Medium,2,33,Website,2,1768.53,1,0,1,0,0,0,1,0,1,0
426,27,F,0,Divorced,4,High,3,31,Website,2,1465.93,0,0,0,0,0,0,0,0,0,0
427,62,F,0,Divorced,4,Low,1,13,Online Banking,3,521.56,1,1,0,1,1,0,0,0,0,0
428,31,M,1,Widowed,3,High,3,36,Mobile App,1,2414.15,0,0,0,1,0,1,1,0,1,0
429,24,F,0,Married,2,Medium,2,10,Mobile App,1,1361.39,0,0,0,0,0,0,2,1,1,0
430,56,M,1,Married,2,Medium,2,47,Online Banking,3,148.98,1,1,0,1,0,1,0,0,0,0
431,57,F,0,Married,2,High,3,31,Website,2,233.87,0,0,0,1,1,0,0,0,0,0
432,26,M,1,Married,2,Low,1,26,Mobile App,1,1834.48,0,0,0,0,0,0,0,0,0,0
433,31,M,1,Single,1,Medium,2,14,Mobile App,1,1302.43,0,0,0,0,0,0,0,0,0,1
434,25,F,0,Married,2,Medium,2,4,Mobile App,1,41.19,0,0,0,2,1,1,0,0,0,0
435,34,M,1,Widowed,3,Low,1,33,Online Banking,3,488.45,0,0,0,0,0,0,1,0,1,0
436,40,F,0,Widowed,3,Medium,2,47,Website,2,543.99,0,0,0,2,1,1,0,0,0,0
437,33,M,1,Widowed,3,Low,1,13,Website,2,1698.21,0,0,0,0,0,0,0,0,0,0
438,43,M,1,Married,2,Low,1,48,Website,2,2131.01,0,0,0,0,0,0,1,0,1,0
439,26,F,0,Divorced,4,Medium,2,41,Online Banking,3,1373.54,1,0,1,0,0,0,1,1,0,0
440,53,M,1,Widowed,3,High,3,34,Online Banking,3,1920.61,1,1,0,1,0,1,0,0,0,0
441,24,F,0,Married,2,Medium,2,43,Mobile App,1,2560.36,0,0,0,0,0,0,1,1,0,1
442,35,M,1,Single,1,Medium,2,35,Mobile App,1,412.55,1,1,0,0,0,0,0,0,0,0
443,25,F,0,Single,1,Medium,2,28,Website,2,1115.64,0,0,0,0,0,0,0,0,0,0
444,38,M,1,Widowed,3,Medium,2,31,Mobile App,1,387.51,0,0,0,0,0,0,0,0,0,0
445,43,M,1,Divorced,4,High,3,30,Online Banking,3,1002.46,1,1,0,1,0,1,0,0,0,0
446,20,F,0,Single,1,High,3,32,Mobile App,1,1516.93,1,0,1,1,1,0,0,0,0,0
447,34,F,0,Married,2,High,3,13,Website,2,169.69,0,0,0,0,0,0,0,0,0,0
448,68,M,1,Married,2,Low,1,41,Mobile App,1,1461.03,0,0,0,0,0,0,0,0,0,0
449,63,F,0,Single,1,High,3,34,Mobile App,1,1460.65,1,0,1,0,0,0,1,1,0,0
450,41,M,1,Widowed,3,Low,1,8,Website,2,1527.63,0,0,0,0,0,0,0,0,0,1
451,42,M,1,Widowed,3,Medium,2,42,Mobile App,1,364.46,1,1,0,0,0,0,1,1,0,0
452,22,M,1,Single,1,High,3,25,Online Banking,3,2341.48,0,0,0,0,0,0,1,1,0,0
453,54,F,0,Married,2,High,3,33,Online Banking,3,346.54,0,0,0,0,0,0,0,0,0,0
454,62,F,0,Divorced,4,High,3,10,Online Banking,3,472.88,0,0,0,0,0,0,0,0,0,0
455,67,F,0,Married,2,High,3,40,Website,2,565.79,0,0,0,1,1,0,1,0,1,0
456,41,M,1,Divorced,4,High,3,34,Mobile App,1,2402,0,0,0,0,0,0,1,1,0,0
457,48,M,1,Divorced,4,Medium,2,44,Website,2,1730.33,0,0,0,1,0,1,1,1,0,0
458,43,M,1,Single,1,High,3,33,Website,2,2767.15,0,0,0,0,0,0,0,0,0,0
459,38,F,0,Widowed,3,Low,1,5,Mobile App,1,62.87,0,0,0,1,0,1,0,0,0,0
460,51,M,1,Divorced,4,Low,1,45,Online Banking,3,336.72,0,0,0,2,0,2,0,0,0,0
461,55,F,0,Married,2,High,3,27,Online Banking,3,449.87,1,0,1,1,0,1,0,0,0,0
462,41,F,0,Widowed,3,Low,1,8,Online Banking,3,391.36,0,0,0,0,0,0,0,0,0,1
463,45,F,0,Widowed,3,High,3,7,Online Banking,3,1668.22,0,0,0,0,0,0,0,0,0,0
464,47,F,0,Married,2,Medium,2,22,Website,2,2166.33,0,0,0,0,0,0,0,0,0,0
465,51,F,0,Single,1,Low,1,46,Website,2,1217.08,0,0,0,0,0,0,0,0,0,0
466,69,M,1,Widowed,3,High,3,28,Online Banking,3,1918.16,0,0,0,0,0,0,0,0,0,1
467,69,M,1,Divorced,4,Low,1,9,Website,2,1104.21,0,0,0,1,1,0,0,0,0,0
468,40,M,1,Married,2,High,3,31,Online Banking,3,818.31,0,0,0,0,0,0,0,0,0,0
469,25,M,1,Divorced,4,Low,1,4,Mobile App,1,1626.7,2,0,2,0,0,0,0,0,0,1
470,59,F,0,Married,2,Medium,2,5,Website,2,1916.68,0,0,0,1,0,1,0,0,0,1
471,67,F,0,Married,2,Low,1,13,Mobile App,1,1109.17,1,0,1,0,0,0,1,0,1,0
472,27,F,0,Widowed,3,Low,1,6,Mobile App,1,2217.28,0,0,0,0,0,0,0,0,0,0
473,18,M,1,Married,2,Low,1,23,Online Banking,3,251.46,0,0,0,0,0,0,0,0,0,0
474,37,M,1,Widowed,3,Low,1,47,Online Banking,3,2460.07,1,0,1,0,0,0,1,0,1,0
475,54,F,0,Married,2,High,3,35,Mobile App,1,1635.13,0,0,0,0,0,0,1,0,1,0
476,35,M,1,Widowed,3,Medium,2,34,Mobile App,1,2145.93,1,1,0,0,0,0,0,0,0,0
477,38,M,1,Widowed,3,Medium,2,38,Online Banking,3,806.96,0,0,0,0,0,0,0,0,0,0
478,66,M,1,Single,1,Low,1,34,Mobile App,1,1615.84,0,0,0,0,0,0,0,0,0,1
479,21,F,0,Widowed,3,Low,1,11,Website,2,1184.28,0,0,0,2,1,1,0,0,0,0
480,60,M,1,Widowed,3,Medium,2,6,Website,2,1351.01,0,0,0,1,0,1,0,0,0,1
481,19,F,0,Widowed,3,Medium,2,32,Website,2,3386.04,1,1,0,0,0,0,0,0,0,0
482,38,M,1,Single,1,Medium,2,35,Website,2,2624.42,0,0,0,2,2,0,0,0,0,1
483,54,F,0,Divorced,4,Medium,2,34,Mobile App,1,1262.48,0,0,0,1,0,1,0,0,0,0
484,22,M,1,Divorced,4,Low,1,43,Mobile App,1,988.39,0,0,0,0,0,0,0,0,0,0
485,34,M,1,Single,1,Medium,2,28,Mobile App,1,2129.71,1,1,0,0,0,0,0,0,0,0
486,66,F,0,Widowed,3,Low,1,5,Online Banking,3,758.73,0,0,0,1,0,1,1,0,1,0
487,65,F,0,Widowed,3,Low,1,34,Mobile App,1,1624.23,2,1,1,0,0,0,0,0,0,0
488,28,F,0,Married,2,Medium,2,33,Mobile App,1,393.84,0,0,0,0,0,0,0,0,0,1
489,63,M,1,Divorced,4,High,3,12,Online Banking,3,1101.11,0,0,0,0,0,0,0,0,0,0
490,58,F,0,Widowed,3,Low,1,40,Online Banking,3,2063.08,0,0,0,2,1,1,0,0,0,0
491,48,M,1,Widowed,3,Medium,2,44,Website,2,1483.12,1,1,0,0,0,0,0,0,0,1
492,45,F,0,Divorced,4,Low,1,38,Online Banking,3,1491.8,0,0,0,0,0,0,0,0,0,0
493,61,M,1,Widowed,3,High,3,44,Online Banking,3,976,0,0,0,0,0,0,0,0,0,0
494,49,M,1,Single,1,Medium,2,12,Mobile App,1,269.73,0,0,0,0,0,0,1,0,1,0
495,38,M,1,Widowed,3,Low,1,37,Online Banking,3,1738.14,1,0,1,0,0,0,0,0,0,0
496,24,F,0,Widowed,3,High,3,1,Website,2,216.79,0,0,0,1,1,0,0,0,0,0
497,27,M,1,Divorced,4,High,3,40,Mobile App,1,1554.77,0,0,0,0,0,0,2,2,0,0
498,45,F,0,Single,1,Low,1,5,Website,2,763.91,0,0,0,0,0,0,0,0,0,1
499,65,M,1,Married,2,Medium,2,2,Mobile App,1,458.77,0,0,0,0,0,0,1,0,1,0
500,53,M,1,Divorced,4,Medium,2,46,Online Banking,3,2429.22,0,0,0,0,0,0,0,0,0,0
501,37,M,1,Married,2,Low,1,25,Online Banking,3,1317.18,0,0,0,0,0,0,0,0,0,0
502,30,M,1,Married,2,High,3,38,Mobile App,1,703.33,0,0,0,1,0,1,1,1,0,0
503,36,F,0,Single,1,High,3,25,Website,2,1336.58,0,0,0,0,0,0,0,0,0,0
504,67,M,1,Married,2,High,3,48,Mobile App,1,551.93,0,0,0,1,0,1,0,0,0,0
505,28,M,1,Single,1,High,3,22,Mobile App,1,2312.7,0,0,0,0,0,0,2,1,1,0
506,52,F,0,Widowed,3,Low,1,1,Online Banking,3,1009.74,1,0,1,0,0,0,1,1,0,1
507,51,M,1,Single,1,High,3,25,Online Banking,3,2325.03,1,1,0,0,0,0,1,1,0,1
508,61,F,0,Divorced,4,Low,1,33,Online Banking,3,1536.61,0,0,0,0,0,0,0,0,0,0
509,21,F,0,Married,2,Medium,2,22,Website,2,2446.54,1,0,1,0,0,0,0,0,0,1
510,30,M,1,Single,1,Medium,2,31,Mobile App,1,392.1,0,0,0,0,0,0,1,1,0,1
511,54,M,1,Divorced,4,High,3,19,Online Banking,3,2027.88,0,0,0,0,0,0,1,0,1,1
512,19,F,0,Single,1,High,3,48,Mobile App,1,1362.35,0,0,0,0,0,0,0,0,0,0
513,67,F,0,Married,2,High,3,18,Online Banking,3,172.81,0,0,0,0,0,0,0,0,0,0
514,18,F,0,Married,2,Medium,2,1,Mobile App,1,1606.29,0,0,0,0,0,0,0,0,0,0
515,57,F,0,Divorced,4,Low,1,19,Online Banking,3,1639.58,0,0,0,0,0,0,0,0,0,0
516,42,F,0,Divorced,4,Low,1,14,Mobile App,1,612.22,0,0,0,0,0,0,0,0,0,1
517,54,F,0,Divorced,4,Low,1,11,Online Banking,3,1073.98,0,0,0,0,0,0,0,0,0,0
518,53,F,0,Divorced,4,High,3,8,Mobile App,1,3078.6,1,1,0,1,0,1,0,0,0,1
519,23,F,0,Divorced,4,Low,1,18,Mobile App,1,1894.4,0,0,0,0,0,0,2,1,1,0
520,24,M,1,Married,2,High,3,9,Mobile App,1,1959.29,1,1,0,0,0,0,1,0,1,0
521,21,F,0,Widowed,3,Medium,2,43,Website,2,645.75,0,0,0,1,1,0,1,1,0,1
522,52,M,1,Divorced,4,Low,1,28,Website,2,2557.54,0,0,0,2,1,1,0,0,0,0
523,58,M,1,Widowed,3,High,3,11,Mobile App,1,2090.02,0,0,0,0,0,0,0,0,0,0
524,51,F,0,Divorced,4,Low,1,49,Online Banking,3,2565.36,0,0,0,1,0,1,0,0,0,0
525,46,F,0,Divorced,4,Medium,2,41,Website,2,462.44,1,0,1,0,0,0,0,0,0,0
526,22,M,1,Divorced,4,Low,1,30,Online Banking,3,446.32,0,0,0,1,1,0,0,0,0,0
527,44,M,1,Married,2,Low,1,44,Online Banking,3,343.51,0,0,0,0,0,0,0,0,0,0
528,50,F,0,Widowed,3,Medium,2,27,Online Banking,3,1353.55,0,0,0,1,1,0,0,0,0,0
529,63,F,0,Married,2,High,3,26,Online Banking,3,2333.72,0,0,0,1,0,1,0,0,0,0
530,69,F,0,Single,1,High,3,49,Mobile App,1,1311.64,0,0,0,0,0,0,0,0,0,1
531,27,F,0,Divorced,4,High,3,12,Online Banking,3,2008.12,0,0,0,0,0,0,1,1,0,1
532,23,M,1,Divorced,4,Low,1,38,Website,2,2372.58,0,0,0,1,1,0,1,1,0,0
533,51,M,1,Widowed,3,Low,1,27,Mobile App,1,388.31,0,0,0,1,0,1,0,0,0,0
534,25,M,1,Married,2,High,3,37,Mobile App,1,536.31,1,0,1,0,0,0,1,1,0,0
535,48,M,1,Married,2,High,3,17,Mobile App,1,2145.98,0,0,0,0,0,0,0,0,0,0
536,26,M,1,Married,2,Low,1,46,Mobile App,1,1639.36,0,0,0,1,0,1,0,0,0,0
537,38,M,1,Divorced,4,High,3,9,Online Banking,3,2067.57,0,0,0,0,0,0,0,0,0,1
538,25,M,1,Widowed,3,High,3,6,Online Banking,3,651.88,1,1,0,1,0,1,0,0,0,0
539,21,F,0,Single,1,Low,1,13,Mobile App,1,1286.35,1,1,0,1,0,1,0,0,0,0
540,39,F,0,Single,1,Medium,2,6,Online Banking,3,649.47,0,0,0,1,0,1,0,0,0,0
541,45,F,0,Married,2,Low,1,38,Mobile App,1,185.03,0,0,0,0,0,0,2,1,1,0
542,62,F,0,Widowed,3,High,3,4,Mobile App,1,344.77,0,0,0,0,0,0,0,0,0,0
543,21,M,1,Married,2,High,3,16,Online Banking,3,939.83,0,0,0,0,0,0,1,1,0,1
544,56,M,1,Married,2,Medium,2,36,Website,2,1099.45,0,0,0,0,0,0,1,1,0,0
545,38,F,0,Married,2,Medium,2,43,Website,2,452.87,1,1,0,0,0,0,1,0,1,1
546,25,M,1,Single,1,Low,1,14,Online Banking,3,575.05,0,0,0,0,0,0,2,0,2,0
547,37,M,1,Single,1,Medium,2,29,Website,2,716.14,0,0,0,0,0,0,0,0,0,0
548,49,M,1,Married,2,High,3,24,Website,2,2116.14,0,0,0,0,0,0,0,0,0,0
549,18,M,1,Widowed,3,High,3,39,Mobile App,1,358.67,0,0,0,0,0,0,0,0,0,0
550,23,F,0,Single,1,High,3,39,Online Banking,3,2140.26,1,1,0,0,0,0,1,1,0,0
551,45,F,0,Married,2,High,3,45,Mobile App,1,3027.91,0,0,0,1,0,1,1,1,0,0
552,61,F,0,Single,1,Medium,2,25,Website,2,1049.96,0,0,0,0,0,0,0,0,0,0
553,48,F,0,Divorced,4,High,3,46,Website,2,2125.61,0,0,0,0,0,0,0,0,0,0
554,27,M,1,Divorced,4,High,3,46,Mobile App,1,1822.54,0,0,0,1,1,0,0,0,0,0
555,37,F,0,Single,1,High,3,3,Website,2,393.99,0,0,0,0,0,0,0,0,0,0
556,25,M,1,Married,2,Low,1,42,Online Banking,3,2132.54,0,0,0,1,1,0,0,0,0,0
557,39,F,0,Single,1,Low,1,27,Online Banking,3,1179.98,0,0,0,2,1,1,0,0,0,0
558,55,M,1,Widowed,3,High,3,12,Online Banking,3,1722.97,0,0,0,0,0,0,0,0,0,0
559,46,F,0,Married,2,Medium,2,43,Website,2,2151.66,0,0,0,0,0,0,1,1,0,0
560,26,M,1,Married,2,Medium,2,2,Mobile App,1,203.34,0,0,0,0,0,0,0,0,0,1
561,61,M,1,Married,2,Low,1,38,Online Banking,3,1369.4,0,0,0,1,1,0,0,0,0,0
562,64,M,1,Married,2,Low,1,26,Online Banking,3,2160.95,0,0,0,0,0,0,0,0,0,1
563,18,M,1,Widowed,3,Medium,2,29,Mobile App,1,1090.13,0,0,0,0,0,0,0,0,0,0
564,58,M,1,Single,1,Low,1,45,Online Banking,3,1859.23,0,0,0,0,0,0,0,0,0,0
565,69,M,1,Single,1,Low,1,30,Website,2,2436.25,2,1,1,0,0,0,0,0,0,1
566,56,M,1,Divorced,4,High,3,38,Online Banking,3,1867.21,0,0,0,0,0,0,0,0,0,0
567,43,M,1,Married,2,Medium,2,41,Online Banking,3,472.36,0,0,0,0,0,0,0,0,0,0
568,28,M,1,Divorced,4,High,3,32,Online Banking,3,1051.21,0,0,0,1,1,0,0,0,0,0
569,69,F,0,Widowed,3,Low,1,38,Online Banking,3,1550.85,0,0,0,0,0,0,1,0,1,0
570,52,F,0,Single,1,Low,1,21,Mobile App,1,2358.04,0,0,0,1,0,1,1,0,1,0
571,41,F,0,Single,1,Low,1,8,Website,2,962.48,0,0,0,1,0,1,0,0,0,0
572,50,F,0,Married,2,Low,1,6,Website,2,538.06,0,0,0,0,0,0,0,0,0,0
573,37,F,0,Single,1,Medium,2,4,Website,2,1331.4,0,0,0,0,0,0,0,0,0,0
574,44,M,1,Widowed,3,Medium,2,17,Mobile App,1,2437.4,0,0,0,1,1,0,0,0,0,1
575,32,F,0,Widowed,3,Medium,2,21,Mobile App,1,1550.26,1,1,0,0,0,0,1,1,0,0
576,50,F,0,Married,2,Medium,2,4,Website,2,755.93,0,0,0,2,0,2,0,0,0,1
577,69,M,1,Divorced,4,High,3,35,Website,2,2373.23,0,0,0,1,0,1,0,0,0,1
578,24,F,0,Married,2,High,3,30,Mobile App,1,715.6,0,0,0,0,0,0,1,0,1,0
579,51,F,0,Widowed,3,High,3,27,Online Banking,3,402.41,0,0,0,0,0,0,0,0,0,1
580,62,M,1,Single,1,Low,1,12,Website,2,232.75,0,0,0,1,0,1,1,0,1,0
581,68,F,0,Single,1,Medium,2,48,Mobile App,1,407.66,0,0,0,0,0,0,1,1,0,0
582,63,F,0,Single,1,Medium,2,20,Online Banking,3,1876.36,0,0,0,0,0,0,0,0,0,0
583,59,M,1,Widowed,3,Medium,2,40,Online Banking,3,783.96,0,0,0,0,0,0,0,0,0,0
584,22,M,1,Divorced,4,High,3,44,Online Banking,3,1677.08,0,0,0,1,1,0,1,1,0,0
585,47,M,1,Married,2,Low,1,41,Online Banking,3,1709.36,1,1,0,1,1,0,0,0,0,0
586,45,M,1,Divorced,4,Low,1,33,Online Banking,3,1667.53,0,0,0,1,0,1,0,0,0,1
587,35,F,0,Single,1,Low,1,10,Website,2,623.49,1,1,0,0,0,0,0,0,0,0
588,53,F,0,Married,2,High,3,5,Mobile App,1,1726.51,1,0,1,0,0,0,1,0,1,1
589,20,F,0,Widowed,3,Medium,2,11,Mobile App,1,2356.94,1,1,0,0,0,0,1,1,0,1
590,38,M,1,Widowed,3,High,3,21,Mobile App,1,1383.59,0,0,0,0,0,0,0,0,0,0
591,63,F,0,Divorced,4,Medium,2,20,Online Banking,3,215.12,0,0,0,1,1,0,1,1,0,0
592,33,M,1,Married,2,Low,1,44,Mobile App,1,2642.14,0,0,0,0,0,0,0,0,0,0
593,54,F,0,Single,1,Medium,2,9,Online Banking,3,2959.62,0,0,0,1,1,0,0,0,0,0
594,59,M,1,Divorced,4,Low,1,30,Mobile App,1,2544.69,1,0,1,1,1,0,0,0,0,0
595,22,F,0,Widowed,3,Low,1,48,Online Banking,3,2270.36,0,0,0,1,1,0,0,0,0,0
596,67,F,0,Married,2,Low,1,4,Mobile App,1,1346.76,0,0,0,0,0,0,0,0,0,0
597,68,M,1,Married,2,Medium,2,9,Website,2,1726.9,0,0,0,1,0,1,0,0,0,0
598,31,M,1,Widowed,3,High,3,40,Online Banking,3,1906.1,0,0,0,0,0,0,0,0,0,0
599,48,M,1,Single,1,Low,1,3,Website,2,2347.42,0,0,0,1,1,0,1,0,1,0
600,63,F,0,Single,1,Medium,2,38,Online Banking,3,865,1,0,1,0,0,0,0,0,0,0
601,41,F,0,Widowed,3,Low,1,25,Website,2,2473.79,0,0,0,1,1,0,1,1,0,0
602,52,M,1,Widowed,3,Medium,2,37,Mobile App,1,1158.83,0,0,0,0,0,0,0,0,0,1
603,53,M,1,Single,1,High,3,30,Mobile App,1,1476.4,0,0,0,0,0,0,0,0,0,0
604,27,M,1,Divorced,4,Low,1,31,Website,2,437.93,0,0,0,1,0,1,1,0,1,0
605,44,M,1,Divorced,4,Low,1,17,Mobile App,1,1187.98,0,0,0,0,0,0,0,0,0,1
606,44,F,0,Married,2,Low,1,10,Website,2,271.99,0,0,0,0,0,0,0,0,0,0
607,40,M,1,Married,2,High,3,8,Mobile App,1,1489.51,0,0,0,0,0,0,1,1,0,1
608,30,M,1,Divorced,4,Medium,2,2,Mobile App,1,2463.96,0,0,0,0,0,0,1,1,0,0
609,33,F,0,Married,2,Low,1,32,Website,2,110.77,0,0,0,0,0,0,2,1,1,0
610,52,F,0,Divorced,4,Low,1,11,Mobile App,1,1504.22,0,0,0,0,0,0,0,0,0,0
611,44,M,1,Married,2,High,3,10,Online Banking,3,624.87,0,0,0,0,0,0,1,1,0,0
612,69,F,0,Divorced,4,Medium,2,41,Online Banking,3,1688.29,0,0,0,1,1,0,1,0,1,0
613,56,M,1,Married,2,High,3,32,Online Banking,3,612.18,0,0,0,0,0,0,0,0,0,0
614,64,F,0,Married,2,High,3,24,Mobile App,1,1239.16,0,0,0,1,1,0,0,0,0,1
615,34,F,0,Divorced,4,Low,1,7,Online Banking,3,481.68,0,0,0,2,1,1,0,0,0,0
616,65,M,1,Single,1,Medium,2,29,Online Banking,3,1674.35,0,0,0,1,0,1,0,0,0,1
617,58,F,0,Divorced,4,Low,1,2,Online Banking,3,2146.58,0,0,0,0,0,0,0,0,0,1
618,18,M,1,Divorced,4,Low,1,16,Mobile App,1,1025.54,1,1,0,1,1,0,0,0,0,1
619,28,M,1,Widowed,3,High,3,31,Online Banking,3,244.19,0,0,0,1,0,1,0,0,0,1
620,29,F,0,Single,1,High,3,12,Online Banking,3,694.35,0,0,0,0,0,0,1,1,0,0
621,31,F,0,Married,2,Low,1,32,Online Banking,3,204.8,0,0,0,1,1,0,0,0,0,0
622,25,M,1,Single,1,High,3,47,Online Banking,3,754.54,1,0,1,0,0,0,0,0,0,0
623,48,F,0,Single,1,High,3,41,Online Banking,3,1074.25,2,0,2,0,0,0,0,0,0,0
624,24,F,0,Single,1,Medium,2,18,Website,2,934.44,0,0,0,0,0,0,0,0,0,0
625,63,F,0,Widowed,3,Low,1,3,Mobile App,1,2452.39,0,0,0,0,0,0,0,0,0,1
626,48,M,1,Widowed,3,Low,1,16,Website,2,2416.9,0,0,0,0,0,0,0,0,0,0
627,33,F,0,Married,2,Medium,2,49,Website,2,1929.48,0,0,0,1,1,0,0,0,0,1
628,59,F,0,Divorced,4,High,3,42,Website,2,67.65,1,1,0,0,0,0,0,0,0,0
629,56,M,1,Single,1,Medium,2,18,Online Banking,3,657.37,0,0,0,2,1,1,0,0,0,0
630,61,F,0,Married,2,Medium,2,44,Website,2,942.44,1,0,1,0,0,0,0,0,0,1
631,36,M,1,Married,2,Medium,2,15,Website,2,238.83,1,0,1,0,0,0,1,0,1,0
632,25,M,1,Widowed,3,High,3,41,Online Banking,3,1060.86,1,0,1,0,0,0,0,0,0,0
633,46,M,1,Divorced,4,Medium,2,37,Online Banking,3,1985.72,0,0,0,2,0,2,0,0,0,0
634,19,M,1,Divorced,4,Low,1,23,Mobile App,1,1053.54,1,0,1,0,0,0,1,1,0,0
635,59,F,0,Widowed,3,High,3,26,Online Banking,3,1574.74,0,0,0,1,0,1,0,0,0,0
636,20,M,1,Single,1,Medium,2,7,Online Banking,3,1041.72,2,1,1,0,0,0,0,0,0,0
637,68,M,1,Widowed,3,Medium,2,48,Online Banking,3,1629.96,0,0,0,1,1,0,0,0,0,0
638,46,M,1,Married,2,Medium,2,21,Website,2,194.63,0,0,0,0,0,0,0,0,0,0
639,32,F,0,Widowed,3,Medium,2,29,Website,2,1874.22,1,0,1,0,0,0,0,0,0,0
640,55,M,1,Divorced,4,Medium,2,45,Website,2,2408.65,0,0,0,1,0,1,1,0,1,0
641,45,M,1,Single,1,Medium,2,7,Online Banking,3,1717.57,1,0,1,0,0,0,1,0,1,1
642,54,M,1,Married,2,Low,1,6,Online Banking,3,1587.38,0,0,0,0,0,0,1,1,0,0
643,49,M,1,Married,2,High,3,27,Online Banking,3,1060.42,0,0,0,0,0,0,0,0,0,1
644,47,M,1,Divorced,4,Low,1,43,Mobile App,1,266.05,0,0,0,1,1,0,0,0,0,1
645,68,M,1,Widowed,3,Medium,2,46,Website,2,328.56,0,0,0,2,1,1,0,0,0,0
646,64,M,1,Married,2,Medium,2,17,Website,2,163.69,0,0,0,0,0,0,0,0,0,1
647,47,M,1,Widowed,3,Medium,2,24,Mobile App,1,12.46,0,0,0,1,1,0,1,1,0,0
648,68,M,1,Married,2,Low,1,28,Website,2,1028.17,0,0,0,1,1,0,0,0,0,0
649,51,M,1,Divorced,4,Medium,2,26,Website,2,759.57,1,0,1,0,0,0,0,0,0,0
650,30,M,1,Married,2,Low,1,38,Online Banking,3,499.67,0,0,0,0,0,0,1,0,1,1
651,50,M,1,Married,2,High,3,26,Online Banking,3,1467.02,0,0,0,0,0,0,0,0,0,0
652,59,F,0,Single,1,Low,1,40,Website,2,1245.86,0,0,0,1,0,1,1,1,0,0
653,34,F,0,Married,2,Low,1,1,Mobile App,1,392.17,0,0,0,1,1,0,0,0,0,0
654,20,M,1,Divorced,4,High,3,19,Mobile App,1,1437.17,1,1,0,0,0,0,0,0,0,0
655,26,F,0,Married,2,Medium,2,26,Mobile App,1,2097.25,1,0,1,0,0,0,1,1,0,0
656,69,F,0,Divorced,4,Low,1,35,Mobile App,1,1567.52,0,0,0,0,0,0,0,0,0,0
657,28,F,0,Widowed,3,High,3,16,Online Banking,3,1135.3,0,0,0,1,1,0,0,0,0,1
658,66,M,1,Divorced,4,Low,1,13,Mobile App,1,1132.79,0,0,0,1,0,1,0,0,0,1
659,44,F,0,Widowed,3,Low,1,10,Website,2,1658.16,0,0,0,1,1,0,1,1,0,0
660,45,F,0,Married,2,High,3,8,Mobile App,1,2676.26,0,0,0,1,0,1,1,0,1,0
661,19,M,1,Divorced,4,Low,1,27,Mobile App,1,1579.69,0,0,0,0,0,0,0,0,0,0
662,18,F,0,Single,1,High,3,26,Mobile App,1,758.41,0,0,0,0,0,0,0,0,0,0
663,23,F,0,Divorced,4,Low,1,3,Mobile App,1,1160.99,0,0,0,0,0,0,1,1,0,0
664,42,F,0,Widowed,3,Medium,2,45,Online Banking,3,1972.94,0,0,0,0,0,0,1,1,0,0
665,52,F,0,Widowed,3,High,3,36,Online Banking,3,1405.19,0,0,0,0,0,0,1,1,0,0
666,33,M,1,Single,1,Medium,2,41,Online Banking,3,474.38,0,0,0,0,0,0,0,0,0,0
667,21,F,0,Divorced,4,Low,1,8,Online Banking,3,1442.15,1,1,0,0,0,0,0,0,0,0
668,64,M,1,Married,2,Medium,2,32,Website,2,1668.59,0,0,0,1,0,1,0,0,0,0
669,55,F,0,Divorced,4,High,3,19,Website,2,2232.41,1,1,0,0,0,0,1,1,0,0
670,61,F,0,Divorced,4,Low,1,12,Online Banking,3,143.34,0,0,0,0,0,0,0,0,0,0
671,37,F,0,Divorced,4,High,3,45,Online Banking,3,2587.47,0,0,0,0,0,0,1,0,1,0
672,42,F,0,Single,1,Low,1,45,Mobile App,1,77.31,0,0,0,2,2,0,0,0,0,0
673,24,F,0,Single,1,Medium,2,13,Mobile App,1,1779.5,0,0,0,1,1,0,1,0,1,0
674,38,M,1,Single,1,Medium,2,44,Online Banking,3,2314.49,0,0,0,1,1,0,1,1,0,1
675,24,M,1,Single,1,High,3,48,Online Banking,3,2461.3,2,2,0,0,0,0,0,0,0,0
676,46,M,1,Single,1,High,3,45,Mobile App,1,923.55,0,0,0,0,0,0,0,0,0,0
677,69,F,0,Married,2,Low,1,7,Website,2,308.82,0,0,0,0,0,0,2,1,1,1
678,24,M,1,Divorced,4,High,3,47,Online Banking,3,864.3,0,0,0,0,0,0,1,0,1,0
679,20,F,0,Divorced,4,High,3,47,Website,2,1700.3,2,1,1,0,0,0,0,0,0,0
680,46,M,1,Married,2,Medium,2,16,Website,2,2490.85,0,0,0,0,0,0,0,0,0,0
681,46,M,1,Married,2,High,3,32,Mobile App,1,1463.19,0,0,0,0,0,0,0,0,0,0
682,56,M,1,Married,2,High,3,9,Mobile App,1,1084.11,0,0,0,1,1,0,0,0,0,1
683,55,F,0,Married,2,Low,1,26,Online Banking,3,1383.28,2,1,1,0,0,0,0,0,0,0
684,23,M,1,Single,1,Medium,2,48,Mobile App,1,1240.94,1,1,0,0,0,0,0,0,0,0
685,63,F,0,Divorced,4,Medium,2,40,Website,2,534.74,0,0,0,0,0,0,0,0,0,1
686,27,M,1,Married,2,Low,1,47,Website,2,1019.67,0,0,0,0,0,0,0,0,0,0
687,54,F,0,Widowed,3,Medium,2,20,Online Banking,3,1446.69,0,0,0,1,1,0,0,0,0,0
688,31,F,0,Married,2,Low,1,6,Website,2,2281.47,0,0,0,2,1,1,0,0,0,0
689,39,F,0,Divorced,4,Low,1,11,Mobile App,1,897.51,0,0,0,0,0,0,0,0,0,0
690,49,F,0,Widowed,3,High,3,29,Online Banking,3,638.06,0,0,0,0,0,0,0,0,0,0
691,35,F,0,Married,2,High,3,7,Mobile App,1,683.19,0,0,0,0,0,0,0,0,0,1
692,53,F,0,Single,1,Low,1,29,Website,2,1421.26,0,0,0,0,0,0,0,0,0,0
693,63,F,0,Single,1,High,3,43,Mobile App,1,2154.62,0,0,0,0,0,0,1,0,1,0
694,69,F,0,Widowed,3,High,3,4,Online Banking,3,1500.44,0,0,0,0,0,0,0,0,0,0
695,26,F,0,Single,1,Medium,2,24,Mobile App,1,2615.43,0,0,0,2,1,1,0,0,0,1
696,43,F,0,Widowed,3,Medium,2,3,Website,2,55.77,0,0,0,0,0,0,1,1,0,1
697,39,M,1,Married,2,High,3,12,Online Banking,3,489.1,0,0,0,0,0,0,0,0,0,0
698,63,F,0,Divorced,4,Low,1,35,Website,2,273.02,0,0,0,0,0,0,0,0,0,0
699,55,M,1,Widowed,3,Low,1,8,Mobile App,1,994.16,0,0,0,0,0,0,0,0,0,1
700,40,M,1,Married,2,High,3,38,Online Banking,3,2810.28,0,0,0,2,1,1,0,0,0,0
701,34,F,0,Widowed,3,High,3,41,Online Banking,3,2395.1,0,0,0,0,0,0,0,0,0,0
702,43,M,1,Divorced,4,Low,1,38,Mobile App,1,681.77,0,0,0,0,0,0,0,0,0,1
703,64,F,0,Single,1,Medium,2,15,Mobile App,1,1289.55,0,0,0,1,1,0,1,0,1,0
704,55,F,0,Single,1,Medium,2,5,Website,2,948.68,0,0,0,0,0,0,0,0,0,0
705,19,M,1,Widowed,3,Low,1,40,Website,2,1783.47,0,0,0,2,0,2,0,0,0,0
706,23,F,0,Divorced,4,High,3,16,Online Banking,3,104,1,0,1,0,0,0,0,0,0,0
707,24,M,1,Married,2,Medium,2,46,Online Banking,3,35.24,0,0,0,1,0,1,0,0,0,0
708,30,M,1,Married,2,Low,1,28,Website,2,807.48,1,0,1,0,0,0,0,0,0,0
709,44,M,1,Married,2,High,3,13,Mobile App,1,346.94,0,0,0,0,0,0,0,0,0,0
710,28,M,1,Widowed,3,High,3,41,Website,2,1373.66,0,0,0,0,0,0,0,0,0,0
711,32,F,0,Single,1,Medium,2,11,Website,2,391.99,0,0,0,0,0,0,1,1,0,0
712,26,F,0,Widowed,3,High,3,37,Mobile App,1,1159.39,0,0,0,2,2,0,0,0,0,0
713,25,F,0,Widowed,3,Low,1,3,Website,2,1792.54,0,0,0,1,1,0,0,0,0,0
714,63,M,1,Widowed,3,Low,1,8,Mobile App,1,1170.32,0,0,0,0,0,0,0,0,0,0
715,23,F,0,Married,2,Low,1,38,Online Banking,3,555.91,0,0,0,1,0,1,0,0,0,0
716,65,M,1,Divorced,4,Low,1,47,Mobile App,1,3220.3,0,0,0,2,1,1,0,0,0,1
717,60,M,1,Widowed,3,High,3,34,Website,2,1950.63,1,0,1,1,0,1,0,0,0,0
718,21,M,1,Married,2,Low,1,38,Mobile App,1,1845.21,1,0,1,0,0,0,0,0,0,0
719,28,M,1,Widowed,3,Medium,2,42,Online Banking,3,434.86,0,0,0,0,0,0,0,0,0,0
720,68,M,1,Widowed,3,High,3,24,Website,2,1551.13,1,0,1,1,1,0,0,0,0,0
721,45,M,1,Married,2,High,3,18,Website,2,921.33,0,0,0,0,0,0,0,0,0,0
722,43,F,0,Divorced,4,High,3,25,Website,2,814.74,0,0,0,1,0,1,0,0,0,0
723,21,F,0,Divorced,4,Low,1,13,Website,2,2143.56,1,1,0,1,1,0,0,0,0,0
724,32,F,0,Single,1,High,3,39,Website,2,477.73,1,0,1,0,0,0,0,0,0,0
725,36,M,1,Widowed,3,Low,1,22,Mobile App,1,627.29,0,0,0,0,0,0,0,0,0,0
726,23,M,1,Single,1,Low,1,30,Online Banking,3,2048.2,0,0,0,0,0,0,1,0,1,0
727,22,F,0,Married,2,High,3,30,Mobile App,1,1252.1,0,0,0,0,0,0,0,0,0,0
728,35,F,0,Widowed,3,High,3,37,Website,2,1552.44,0,0,0,0,0,0,1,1,0,0
729,23,F,0,Married,2,Low,1,45,Mobile App,1,161.07,1,1,0,0,0,0,0,0,0,0
730,48,M,1,Single,1,High,3,43,Website,2,1247.79,0,0,0,1,1,0,0,0,0,0
731,42,F,0,Married,2,High,3,15,Online Banking,3,1559.5,0,0,0,0,0,0,0,0,0,0
732,21,F,0,Married,2,Low,1,35,Mobile App,1,1865.72,1,0,1,0,0,0,0,0,0,0
733,23,M,1,Divorced,4,Low,1,6,Online Banking,3,681.14,2,0,2,0,0,0,0,0,0,1
734,58,M,1,Widowed,3,High,3,11,Mobile App,1,1047.12,1,0,1,0,0,0,1,0,1,0
735,54,F,0,Widowed,3,Low,1,28,Website,2,2165.49,0,0,0,2,1,1,0,0,0,0
736,67,F,0,Widowed,3,Low,1,30,Website,2,576.3,0,0,0,0,0,0,1,1,0,0
737,42,M,1,Married,2,Medium,2,16,Mobile App,1,2132.05,1,0,1,1,1,0,0,0,0,0
738,51,M,1,Divorced,4,High,3,28,Mobile App,1,675.36,0,0,0,0,0,0,2,2,0,0
739,36,M,1,Single,1,High,3,25,Online Banking,3,338.97,0,0,0,0,0,0,0,0,0,0
740,51,M,1,Widowed,3,High,3,48,Online Banking,3,2094.81,0,0,0,0,0,0,1,0,1,0
741,32,F,0,Married,2,High,3,30,Website,2,2317.66,0,0,0,0,0,0,1,0,1,0
742,67,F,0,Divorced,4,High,3,45,Online Banking,3,583.1,0,0,0,0,0,0,0,0,0,1
743,25,F,0,Divorced,4,Low,1,14,Online Banking,3,1118.41,0,0,0,1,1,0,1,0,1,0
744,61,F,0,Widowed,3,High,3,27,Website,2,1132.03,0,0,0,0,0,0,0,0,0,0
745,64,F,0,Divorced,4,High,3,48,Website,2,2639.28,0,0,0,0,0,0,0,0,0,0
746,66,M,1,Divorced,4,Medium,2,30,Mobile App,1,604.82,1,1,0,0,0,0,0,0,0,0
747,51,M,1,Married,2,Low,1,10,Online Banking,3,967.08,0,0,0,1,0,1,1,1,0,0
748,35,F,0,Single,1,High,3,20,Mobile App,1,284.57,0,0,0,0,0,0,0,0,0,1
749,47,M,1,Divorced,4,High,3,44,Online Banking,3,618.27,1,1,0,0,0,0,1,1,0,0
750,30,F,0,Single,1,High,3,7,Website,2,2600.41,0,0,0,2,1,1,0,0,0,0
751,64,F,0,Divorced,4,High,3,34,Website,2,1172.35,0,0,0,0,0,0,1,0,1,0
752,50,F,0,Divorced,4,Low,1,27,Website,2,2056.76,0,0,0,2,2,0,0,0,0,0
753,52,F,0,Divorced,4,Medium,2,23,Online Banking,3,1560.95,1,0,1,0,0,0,1,0,1,1
754,69,M,1,Widowed,3,Medium,2,46,Website,2,1122.07,0,0,0,0,0,0,0,0,0,0
755,41,F,0,Widowed,3,High,3,45,Website,2,539.68,0,0,0,0,0,0,0,0,0,0
756,43,F,0,Widowed,3,Medium,2,25,Mobile App,1,2081.7,0,0,0,0,0,0,0,0,0,0
757,64,F,0,Single,1,Medium,2,28,Mobile App,1,1484.12,0,0,0,1,1,0,0,0,0,1
758,68,M,1,Single,1,Medium,2,18,Online Banking,3,1725.5,1,0,1,1,0,1,0,0,0,0
759,61,F,0,Widowed,3,Medium,2,13,Website,2,575.97,0,0,0,0,0,0,1,0,1,0
760,59,M,1,Single,1,Medium,2,13,Online Banking,3,477.75,1,0,1,1,1,0,0,0,0,0
761,64,M,1,Married,2,Low,1,45,Online Banking,3,1309.22,0,0,0,1,1,0,0,0,0,0
762,18,F,0,Single,1,Low,1,34,Mobile App,1,2577.95,0,0,0,0,0,0,1,1,0,1
763,30,M,1,Married,2,Low,1,14,Mobile App,1,693.13,0,0,0,1,1,0,1,0,1,1
764,27,M,1,Widowed,3,Medium,2,28,Mobile App,1,496.99,0,0,0,0,0,0,0,0,0,0
765,36,F,0,Married,2,Low,1,13,Online Banking,3,1079.2,1,1,0,0,0,0,0,0,0,0
766,22,F,0,Widowed,3,Medium,2,34,Website,2,910.23,0,0,0,1,1,0,1,0,1,0
767,25,M,1,Widowed,3,Medium,2,5,Mobile App,1,2189.69,0,0,0,0,0,0,0,0,0,0
768,21,F,0,Widowed,3,Low,1,40,Mobile App,1,1068.46,0,0,0,0,0,0,0,0,0,0
769,66,M,1,Single,1,High,3,10,Mobile App,1,1257.45,1,1,0,0,0,0,1,1,0,0
770,30,F,0,Divorced,4,Medium,2,36,Website,2,970.67,1,0,1,1,0,1,0,0,0,0
771,55,F,0,Divorced,4,Medium,2,6,Online Banking,3,1500.63,1,1,0,0,0,0,1,1,0,0
772,63,F,0,Married,2,Low,1,21,Online Banking,3,1124.58,1,0,1,1,0,1,0,0,0,0
773,66,M,1,Divorced,4,Medium,2,35,Website,2,1918.91,0,0,0,0,0,0,0,0,0,0
774,63,M,1,Widowed,3,Medium,2,16,Online Banking,3,41.49,0,0,0,0,0,0,0,0,0,0
775,36,M,1,Divorced,4,Medium,2,20,Website,2,1586.9,0,0,0,1,1,0,0,0,0,1
776,69,F,0,Married,2,Low,1,31,Mobile App,1,1647.73,0,0,0,1,1,0,1,1,0,0
777,67,M,1,Widowed,3,High,3,5,Website,2,1488,0,0,0,0,0,0,0,0,0,1
778,25,F,0,Single,1,High,3,6,Online Banking,3,2064.51,1,1,0,0,0,0,1,1,0,0
779,44,F,0,Widowed,3,Low,1,2,Mobile App,1,1563.06,1,1,0,0,0,0,0,0,0,0
780,67,M,1,Widowed,3,Medium,2,39,Mobile App,1,2107.59,0,0,0,0,0,0,1,1,0,0
781,64,F,0,Married,2,High,3,22,Mobile App,1,548.61,1,1,0,0,0,0,0,0,0,0
782,47,M,1,Single,1,Low,1,11,Mobile App,1,1042.79,0,0,0,1,0,1,0,0,0,1
783,21,F,0,Widowed,3,Low,1,15,Website,2,1133.68,0,0,0,0,0,0,0,0,0,0
784,28,M,1,Single,1,Medium,2,13,Online Banking,3,1567.71,0,0,0,2,1,1,0,0,0,0
785,38,F,0,Widowed,3,Medium,2,33,Online Banking,3,1960.77,0,0,0,1,1,0,0,0,0,0
786,60,F,0,Widowed,3,Low,1,46,Mobile App,1,2141.4,0,0,0,2,1,1,0,0,0,0
787,19,M,1,Married,2,Low,1,14,Website,2,1255.38,0,0,0,0,0,0,2,1,1,0
788,38,M,1,Widowed,3,Low,1,39,Online Banking,3,1041.15,0,0,0,0,0,0,0,0,0,1
789,34,F,0,Widowed,3,High,3,2,Website,2,1755.7,0,0,0,1,1,0,1,0,1,1
790,60,M,1,Widowed,3,Medium,2,10,Website,2,2782.16,0,0,0,1,1,0,0,0,0,0
791,68,F,0,Divorced,4,Low,1,42,Website,2,441.32,1,1,0,1,1,0,0,0,0,1
792,46,F,0,Single,1,Medium,2,30,Online Banking,3,1381.17,1,1,0,1,0,1,0,0,0,0
793,44,F,0,Married,2,High,3,32,Website,2,1189.15,1,1,0,0,0,0,0,0,0,0
794,41,F,0,Married,2,Low,1,9,Website,2,2430.75,0,0,0,0,0,0,2,0,2,0
795,66,F,0,Married,2,Medium,2,48,Online Banking,3,993.04,0,0,0,1,1,0,0,0,0,0
796,20,M,1,Widowed,3,High,3,16,Website,2,2309.95,0,0,0,0,0,0,0,0,0,0
797,56,M,1,Single,1,Low,1,39,Website,2,922.22,1,1,0,0,0,0,0,0,0,0
798,27,M,1,Divorced,4,Medium,2,5,Mobile App,1,953.95,0,0,0,2,2,0,0,0,0,0
799,20,F,0,Divorced,4,Low,1,46,Mobile App,1,912.13,0,0,0,1,0,1,0,0,0,1
800,62,M,1,Married,2,Medium,2,15,Online Banking,3,1213.09,1,1,0,0,0,0,1,1,0,0
801,59,M,1,Single,1,Medium,2,4,Website,2,1621.99,0,0,0,0,0,0,0,0,0,0
802,43,M,1,Divorced,4,High,3,24,Mobile App,1,504.29,2,1,1,0,0,0,0,0,0,0
803,54,F,0,Married,2,High,3,25,Website,2,2136.39,0,0,0,1,0,1,0,0,0,0
804,44,M,1,Divorced,4,High,3,37,Website,2,2218.53,1,1,0,0,0,0,0,0,0,0
805,22,M,1,Divorced,4,High,3,24,Website,2,1100.62,0,0,0,0,0,0,1,0,1,0
806,59,M,1,Single,1,High,3,42,Online Banking,3,421.3,0,0,0,0,0,0,1,0,1,1
807,28,F,0,Married,2,Medium,2,13,Mobile App,1,1217.41,0,0,0,0,0,0,0,0,0,1
808,30,M,1,Divorced,4,High,3,20,Online Banking,3,1759.63,0,0,0,2,1,1,0,0,0,0
809,58,F,0,Widowed,3,Medium,2,5,Mobile App,1,1482.36,0,0,0,0,0,0,0,0,0,0
810,51,F,0,Widowed,3,Medium,2,20,Online Banking,3,1290.08,0,0,0,0,0,0,1,0,1,0
811,55,M,1,Divorced,4,Low,1,18,Online Banking,3,871.11,0,0,0,0,0,0,1,0,1,0
812,57,F,0,Single,1,Medium,2,39,Mobile App,1,2042.29,0,0,0,1,1,0,1,0,1,1
813,50,M,1,Single,1,Medium,2,49,Website,2,2206.29,0,0,0,0,0,0,0,0,0,0
814,51,F,0,Divorced,4,High,3,3,Online Banking,3,1650.27,1,1,0,1,1,0,0,0,0,0
815,44,M,1,Single,1,Medium,2,44,Online Banking,3,493.38,0,0,0,0,0,0,0,0,0,0
816,53,M,1,Single,1,High,3,31,Online Banking,3,1299.37,0,0,0,0,0,0,0,0,0,0
817,43,F,0,Widowed,3,Medium,2,30,Website,2,337.9,0,0,0,0,0,0,0,0,0,0
818,68,M,1,Married,2,Medium,2,41,Online Banking,3,1295.74,0,0,0,0,0,0,1,0,1,0
819,42,F,0,Married,2,High,3,24,Website,2,985.26,0,0,0,1,0,1,0,0,0,0
820,36,M,1,Divorced,4,Low,1,5,Online Banking,3,566.46,0,0,0,0,0,0,0,0,0,0
821,38,F,0,Divorced,4,Medium,2,20,Mobile App,1,304.95,0,0,0,0,0,0,1,0,1,0
822,48,F,0,Divorced,4,Medium,2,24,Mobile App,1,2275.24,1,0,1,0,0,0,1,1,0,0
823,46,F,0,Widowed,3,High,3,17,Online Banking,3,651.38,1,1,0,0,0,0,0,0,0,1
824,26,F,0,Widowed,3,High,3,8,Online Banking,3,318.01,0,0,0,0,0,0,0,0,0,0
825,36,F,0,Single,1,Low,1,21,Website,2,1087.05,0,0,0,0,0,0,0,0,0,0
826,43,M,1,Widowed,3,Low,1,14,Mobile App,1,1099.45,0,0,0,0,0,0,1,1,0,1
827,42,M,1,Married,2,Low,1,38,Online Banking,3,2317.93,0,0,0,0,0,0,0,0,0,1
828,57,F,0,Widowed,3,Medium,2,32,Online Banking,3,1361.59,0,0,0,1,0,1,0,0,0,0
829,60,M,1,Divorced,4,Medium,2,36,Online Banking,3,144.37,0,0,0,0,0,0,0,0,0,0
830,46,M,1,Married,2,High,3,40,Website,2,395.99,0,0,0,0,0,0,0,0,0,0
831,42,F,0,Single,1,High,3,4,Mobile App,1,1417.95,1,0,1,0,0,0,0,0,0,1
832,36,F,0,Married,2,High,3,21,Website,2,1463.62,0,0,0,0,0,0,0,0,0,0
833,21,F,0,Widowed,3,Low,1,25,Mobile App,1,1000.79,1,0,1,0,0,0,0,0,0,0
834,62,F,0,Widowed,3,Low,1,45,Mobile App,1,1521.86,1,0,1,0,0,0,0,0,0,0
835,37,M,1,Single,1,Low,1,1,Mobile App,1,825.2,0,0,0,0,0,0,1,0,1,0
836,63,M,1,Divorced,4,Medium,2,47,Mobile App,1,1130.44,0,0,0,1,1,0,1,0,1,1
837,18,F,0,Single,1,Medium,2,13,Website,2,1600.01,0,0,0,0,0,0,0,0,0,0
838,28,M,1,Single,1,High,3,16,Online Banking,3,1729.93,0,0,0,1,0,1,1,0,1,0
839,21,M,1,Single,1,Low,1,29,Mobile App,1,1182.6,0,0,0,0,0,0,0,0,0,0
840,24,F,0,Single,1,Medium,2,39,Mobile App,1,997.83,0,0,0,0,0,0,1,0,1,0
841,45,M,1,Widowed,3,Low,1,29,Website,2,1829.46,0,0,0,1,0,1,0,0,0,1
842,53,M,1,Divorced,4,Medium,2,12,Mobile App,1,2806.69,0,0,0,0,0,0,1,0,1,0
843,24,F,0,Married,2,Low,1,31,Website,2,1069.53,0,0,0,0,0,0,1,0,1,0
844,37,M,1,Divorced,4,Medium,2,20,Mobile App,1,1505.23,0,0,0,0,0,0,0,0,0,0
845,52,M,1,Divorced,4,Medium,2,35,Online Banking,3,2238.86,0,0,0,0,0,0,0,0,0,0
846,68,M,1,Single,1,Medium,2,41,Mobile App,1,1667.48,0,0,0,0,0,0,0,0,0,0
847,68,F,0,Divorced,4,Medium,2,28,Online Banking,3,1672.93,1,1,0,0,0,0,1,0,1,0
848,56,F,0,Single,1,High,3,35,Mobile App,1,690.16,1,1,0,1,0,1,0,0,0,1
849,38,M,1,Married,2,Low,1,29,Website,2,830.54,1,1,0,0,0,0,1,1,0,0
850,61,F,0,Single,1,Medium,2,44,Mobile App,1,38.12,0,0,0,0,0,0,0,0,0,1
851,18,M,1,Married,2,Medium,2,39,Online Banking,3,580.18,1,1,0,0,0,0,0,0,0,0
852,54,F,0,Divorced,4,Low,1,29,Mobile App,1,569.13,0,0,0,0,0,0,1,1,0,0
853,63,M,1,Single,1,Medium,2,34,Website,2,1178.95,0,0,0,0,0,0,1,1,0,0
854,59,F,0,Widowed,3,Medium,2,10,Mobile App,1,47.85,2,1,1,0,0,0,0,0,0,0
855,20,M,1,Married,2,Low,1,37,Online Banking,3,2656.16,0,0,0,2,1,1,0,0,0,0
856,51,M,1,Divorced,4,High,3,48,Website,2,524.36,0,0,0,0,0,0,0,0,0,0
857,30,F,0,Married,2,High,3,7,Mobile App,1,379,0,0,0,1,1,0,0,0,0,1
858,33,M,1,Single,1,Medium,2,9,Website,2,224.33,1,1,0,0,0,0,1,0,1,0
859,51,M,1,Widowed,3,High,3,16,Website,2,2320.9,0,0,0,0,0,0,0,0,0,0
860,41,F,0,Married,2,High,3,21,Mobile App,1,410.36,0,0,0,2,1,1,0,0,0,0
861,30,F,0,Married,2,Medium,2,14,Website,2,258.79,1,1,0,0,0,0,0,0,0,0
862,23,M,1,Married,2,Medium,2,2,Online Banking,3,1581.13,0,0,0,0,0,0,0,0,0,0
863,56,M,1,Divorced,4,High,3,26,Online Banking,3,1031.04,2,1,1,0,0,0,0,0,0,0
864,19,M,1,Widowed,3,Medium,2,34,Website,2,1537.15,0,0,0,0,0,0,0,0,0,0
865,28,F,0,Widowed,3,Medium,2,47,Mobile App,1,2739.69,1,0,1,0,0,0,0,0,0,0
866,24,F,0,Widowed,3,High,3,49,Website,2,440.09,0,0,0,0,0,0,0,0,0,0
867,24,M,1,Married,2,Low,1,18,Website,2,985.19,0,0,0,0,0,0,0,0,0,0
868,56,M,1,Married,2,High,3,12,Website,2,1858.01,0,0,0,0,0,0,0,0,0,0
869,56,M,1,Married,2,High,3,19,Online Banking,3,1708.06,0,0,0,1,0,1,1,0,1,1
870,29,M,1,Married,2,High,3,36,Website,2,358.81,1,0,1,0,0,0,0,0,0,0
871,68,F,0,Single,1,Medium,2,38,Online Banking,3,1268.83,1,1,0,0,0,0,1,1,0,0
872,39,M,1,Single,1,High,3,16,Website,2,2710.07,0,0,0,0,0,0,0,0,0,0
873,68,M,1,Divorced,4,Medium,2,46,Website,2,868.72,0,0,0,0,0,0,0,0,0,0
874,68,F,0,Married,2,Low,1,8,Mobile App,1,488.21,1,1,0,1,1,0,0,0,0,0
875,69,F,0,Divorced,4,High,3,9,Website,2,2066.71,0,0,0,0,0,0,0,0,0,0
876,20,F,0,Widowed,3,Low,1,4,Online Banking,3,1940.62,1,1,0,0,0,0,0,0,0,0
877,30,F,0,Married,2,High,3,36,Website,2,2189.55,0,0,0,0,0,0,0,0,0,0
878,47,M,1,Single,1,Medium,2,47,Website,2,2181.62,0,0,0,0,0,0,0,0,0,0
879,27,M,1,Married,2,Low,1,38,Online Banking,3,328.09,0,0,0,1,1,0,0,0,0,0
880,69,F,0,Widowed,3,High,3,49,Online Banking,3,1311.23,0,0,0,2,2,0,0,0,0,0
881,26,F,0,Divorced,4,Low,1,49,Website,2,189.28,1,0,1,0,0,0,1,0,1,0
882,23,M,1,Married,2,Medium,2,45,Website,2,745.26,0,0,0,0,0,0,0,0,0,0
883,61,M,1,Single,1,Medium,2,4,Website,2,776.71,1,0,1,0,0,0,1,1,0,0
884,19,M,1,Widowed,3,High,3,8,Online Banking,3,2069.03,0,0,0,1,0,1,0,0,0,0
885,61,F,0,Widowed,3,High,3,43,Mobile App,1,2431.03,0,0,0,2,1,1,0,0,0,0
886,33,F,0,Divorced,4,Low,1,7,Mobile App,1,2197.83,0,0,0,0,0,0,1,0,1,0
887,30,F,0,Married,2,Medium,2,3,Website,2,812.28,0,0,0,1,0,1,1,0,1,0
888,65,M,1,Single,1,Medium,2,1,Online Banking,3,436.94,1,0,1,0,0,0,0,0,0,0
889,30,M,1,Married,2,High,3,4,Mobile App,1,306.88,0,0,0,0,0,0,0,0,0,0
890,39,M,1,Single,1,Medium,2,1,Mobile App,1,369.47,1,1,0,1,1,0,0,0,0,0
891,36,F,0,Divorced,4,Medium,2,46,Website,2,1602.17,1,0,1,1,0,1,0,0,0,0
892,43,F,0,Widowed,3,Medium,2,42,Mobile App,1,183.21,0,0,0,1,0,1,0,0,0,0
893,31,M,1,Divorced,4,Low,1,38,Mobile App,1,3026.91,1,0,1,0,0,0,1,0,1,0
894,48,M,1,Widowed,3,Low,1,37,Mobile App,1,983.26,0,0,0,2,1,1,0,0,0,0
895,46,F,0,Married,2,Low,1,12,Mobile App,1,1649.08,0,0,0,0,0,0,0,0,0,0
896,62,F,0,Widowed,3,Medium,2,42,Online Banking,3,1403.03,0,0,0,1,1,0,0,0,0,0
897,59,F,0,Single,1,High,3,10,Mobile App,1,2125.28,1,0,1,0,0,0,1,1,0,0
898,39,M,1,Divorced,4,High,3,47,Online Banking,3,2794,0,0,0,1,0,1,0,0,0,0
899,24,M,1,Widowed,3,High,3,1,Website,2,38.78,0,0,0,1,0,1,0,0,0,1
900,54,F,0,Widowed,3,Low,1,2,Online Banking,3,353.54,1,1,0,0,0,0,0,0,0,0
901,66,M,1,Married,2,Medium,2,12,Website,2,517.94,0,0,0,0,0,0,0,0,0,0
902,58,F,0,Married,2,Low,1,39,Online Banking,3,1040.2,0,0,0,2,1,1,0,0,0,0
903,44,M,1,Married,2,Low,1,48,Mobile App,1,762.78,0,0,0,0,0,0,1,0,1,1
904,48,M,1,Single,1,High,3,36,Mobile App,1,1684.39,0,0,0,0,0,0,1,0,1,0
905,23,M,1,Married,2,High,3,7,Online Banking,3,1222.55,1,0,1,0,0,0,0,0,0,0
906,33,F,0,Widowed,3,Medium,2,38,Website,2,1235.8,0,0,0,0,0,0,0,0,0,1
907,55,M,1,Single,1,Low,1,25,Website,2,54.82,0,0,0,0,0,0,0,0,0,0
908,55,F,0,Married,2,Medium,2,3,Website,2,1865.09,1,1,0,0,0,0,1,1,0,0
909,67,M,1,Widowed,3,Low,1,27,Online Banking,3,718.24,0,0,0,0,0,0,0,0,0,0
910,49,F,0,Single,1,Medium,2,24,Online Banking,3,797.14,0,0,0,0,0,0,0,0,0,0
911,50,F,0,Widowed,3,Low,1,27,Mobile App,1,1058.9,0,0,0,0,0,0,0,0,0,0
912,66,F,0,Married,2,Medium,2,6,Mobile App,1,1915.01,0,0,0,0,0,0,1,1,0,0
913,34,F,0,Married,2,Low,1,25,Mobile App,1,267.44,1,1,0,1,1,0,0,0,0,0
914,50,F,0,Single,1,Low,1,43,Website,2,1722.8,0,0,0,1,1,0,1,1,0,0
915,28,M,1,Divorced,4,High,3,31,Online Banking,3,1786.6,0,0,0,0,0,0,0,0,0,0
916,30,M,1,Widowed,3,Low,1,44,Mobile App,1,1176.86,0,0,0,0,0,0,0,0,0,0
917,47,F,0,Widowed,3,High,3,9,Mobile App,1,1799.36,0,0,0,1,1,0,0,0,0,0
918,18,F,0,Divorced,4,Medium,2,39,Mobile App,1,1140.82,0,0,0,0,0,0,0,0,0,1
919,47,F,0,Divorced,4,High,3,29,Website,2,1547.47,0,0,0,0,0,0,0,0,0,1
920,44,M,1,Widowed,3,Low,1,14,Mobile App,1,2059.02,0,0,0,1,0,1,0,0,0,0
921,57,F,0,Single,1,High,3,36,Online Banking,3,1778.2,1,0,1,0,0,0,0,0,0,0
922,40,M,1,Divorced,4,High,3,29,Website,2,1135,0,0,0,0,0,0,1,1,0,0
923,37,F,0,Married,2,Medium,2,43,Website,2,2462.85,1,0,1,1,0,1,0,0,0,0
924,23,M,1,Single,1,High,3,41,Website,2,760.13,1,0,1,0,0,0,0,0,0,1
925,54,F,0,Divorced,4,Medium,2,38,Mobile App,1,1930.41,0,0,0,0,0,0,0,0,0,1
926,37,M,1,Married,2,Medium,2,22,Online Banking,3,157.62,0,0,0,0,0,0,0,0,0,1
927,54,M,1,Married,2,High,3,12,Mobile App,1,1462.34,0,0,0,0,0,0,0,0,0,1
928,23,F,0,Widowed,3,Low,1,40,Website,2,2584.66,1,1,0,1,0,1,0,0,0,0
929,46,F,0,Single,1,Medium,2,49,Online Banking,3,358.27,0,0,0,0,0,0,0,0,0,0
930,30,F,0,Divorced,4,High,3,26,Website,2,809.61,0,0,0,0,0,0,0,0,0,0
931,44,F,0,Married,2,Medium,2,46,Mobile App,1,1985.28,1,0,1,0,0,0,0,0,0,0
932,67,M,1,Widowed,3,High,3,28,Online Banking,3,350.46,1,1,0,0,0,0,0,0,0,0
933,37,M,1,Divorced,4,High,3,21,Website,2,74.06,0,0,0,1,1,0,1,1,0,0
934,30,M,1,Married,2,Low,1,27,Mobile App,1,282.29,0,0,0,1,1,0,0,0,0,0
935,56,M,1,Widowed,3,High,3,33,Website,2,939.39,0,0,0,2,2,0,0,0,0,1
936,25,M,1,Married,2,Medium,2,29,Mobile App,1,2591.57,0,0,0,0,0,0,0,0,0,0
937,34,M,1,Widowed,3,Medium,2,24,Mobile App,1,1842.66,0,0,0,1,1,0,1,1,0,1
938,47,F,0,Widowed,3,Low,1,32,Website,2,695.93,1,0,1,0,0,0,0,0,0,0
939,18,M,1,Single,1,Medium,2,6,Website,2,394.48,0,0,0,0,0,0,0,0,0,0
940,41,M,1,Divorced,4,Low,1,27,Mobile App,1,1536.43,0,0,0,0,0,0,2,1,1,0
941,33,M,1,Widowed,3,High,3,16,Website,2,1440.83,0,0,0,0,0,0,0,0,0,0
942,28,F,0,Married,2,High,3,36,Online Banking,3,1539.42,0,0,0,0,0,0,0,0,0,0
943,21,M,1,Divorced,4,High,3,47,Website,2,398.92,1,1,0,0,0,0,0,0,0,0
944,21,F,0,Divorced,4,Low,1,30,Website,2,1280.1,0,0,0,0,0,0,2,1,1,0
945,34,M,1,Divorced,4,Medium,2,15,Website,2,541.2,0,0,0,0,0,0,0,0,0,0
946,66,M,1,Single,1,Medium,2,8,Mobile App,1,451.82,0,0,0,0,0,0,0,0,0,0
947,27,F,0,Widowed,3,High,3,31,Website,2,589.06,0,0,0,1,0,1,0,0,0,1
948,38,M,1,Widowed,3,Medium,2,9,Mobile App,1,1416.12,0,0,0,0,0,0,0,0,0,1
949,55,M,1,Widowed,3,Low,1,42,Online Banking,3,956.3,0,0,0,0,0,0,0,0,0,0
950,66,F,0,Widowed,3,Low,1,21,Online Banking,3,1085.17,0,0,0,0,0,0,0,0,0,0
951,35,F,0,Married,2,Low,1,39,Online Banking,3,1494.92,0,0,0,1,1,0,1,1,0,0
952,27,M,1,Widowed,3,Low,1,39,Website,2,344.33,1,0,1,0,0,0,0,0,0,0
953,62,M,1,Divorced,4,Medium,2,43,Website,2,2580.58,0,0,0,1,0,1,1,0,1,0
954,33,F,0,Widowed,3,Low,1,20,Online Banking,3,2009.32,0,0,0,0,0,0,0,0,0,0
955,56,F,0,Widowed,3,Medium,2,26,Website,2,1453.74,1,1,0,0,0,0,1,1,0,0
956,32,F,0,Widowed,3,High,3,38,Online Banking,3,858.04,0,0,0,0,0,0,0,0,0,0
957,51,F,0,Widowed,3,Medium,2,43,Mobile App,1,32.8,0,0,0,0,0,0,0,0,0,0
958,22,M,1,Single,1,Low,1,14,Online Banking,3,972.8,0,0,0,0,0,0,1,1,0,0
959,34,M,1,Divorced,4,Medium,2,48,Online Banking,3,285.35,0,0,0,0,0,0,0,0,0,0
960,54,F,0,Single,1,High,3,41,Online Banking,3,1553.52,0,0,0,2,0,2,0,0,0,0
961,25,M,1,Divorced,4,High,3,21,Mobile App,1,964.33,1,1,0,1,0,1,0,0,0,0
962,41,F,0,Widowed,3,High,3,19,Online Banking,3,1021.08,0,0,0,2,0,2,0,0,0,1
963,45,F,0,Widowed,3,Medium,2,14,Online Banking,3,660.33,2,2,0,0,0,0,0,0,0,0
964,64,M,1,Divorced,4,Low,1,9,Online Banking,3,2348.82,1,0,1,1,1,0,0,0,0,0
965,25,F,0,Divorced,4,Low,1,42,Mobile App,1,213.98,0,0,0,0,0,0,1,1,0,1
966,40,F,0,Single,1,Medium,2,4,Mobile App,1,2097.75,0,0,0,0,0,0,0,0,0,1
967,52,M,1,Single,1,Low,1,23,Online Banking,3,230.71,0,0,0,0,0,0,0,0,0,0
968,48,M,1,Married,2,Low,1,22,Online Banking,3,344.12,1,1,0,0,0,0,0,0,0,0
969,34,F,0,Married,2,Medium,2,20,Online Banking,3,1296.96,0,0,0,0,0,0,1,1,0,0
970,45,M,1,Single,1,High,3,19,Website,2,748.68,0,0,0,1,0,1,1,1,0,1
971,65,M,1,Married,2,Low,1,19,Mobile App,1,283.95,0,0,0,0,0,0,0,0,0,1
972,65,M,1,Single,1,High,3,23,Mobile App,1,1105.44,0,0,0,0,0,0,0,0,0,0
973,68,M,1,Single,1,Low,1,31,Website,2,56.53,0,0,0,0,0,0,0,0,0,0
974,29,M,1,Single,1,High,3,46,Mobile App,1,1789.81,0,0,0,0,0,0,0,0,0,0
975,41,M,1,Married,2,High,3,19,Mobile App,1,1892.18,0,0,0,0,0,0,0,0,0,1
976,32,F,0,Divorced,4,Low,1,44,Online Banking,3,557.62,0,0,0,0,0,0,0,0,0,0
977,57,M,1,Widowed,3,Low,1,20,Online Banking,3,772.34,1,1,0,0,0,0,1,0,1,0
978,48,F,0,Married,2,Medium,2,26,Mobile App,1,1465.5,0,0,0,0,0,0,1,1,0,0
979,44,F,0,Widowed,3,Low,1,6,Website,2,1711.28,0,0,0,1,1,0,0,0,0,1
980,52,F,0,Widowed,3,Low,1,28,Online Banking,3,2079.5,0,0,0,0,0,0,1,1,0,0
981,35,M,1,Divorced,4,Medium,2,41,Website,2,285.43,0,0,0,0,0,0,0,0,0,0
982,53,M,1,Married,2,High,3,4,Mobile App,1,913.21,1,1,0,0,0,0,0,0,0,1
983,25,F,0,Widowed,3,Medium,2,49,Mobile App,1,1395.3,0,0,0,0,0,0,2,1,1,0
984,63,F,0,Divorced,4,High,3,44,Website,2,1127.04,0,0,0,0,0,0,1,0,1,0
985,66,F,0,Divorced,4,Medium,2,9,Website,2,1752.58,0,0,0,2,1,1,0,0,0,0
986,55,F,0,Single,1,Low,1,49,Online Banking,3,1392.61,1,1,0,0,0,0,1,0,1,0
987,22,M,1,Married,2,Low,1,14,Mobile App,1,1683.65,0,0,0,0,0,0,0,0,0,1
988,31,F,0,Widowed,3,High,3,31,Website,2,2543.12,1,0,1,0,0,0,1,1,0,0
989,55,M,1,Divorced,4,Low,1,29,Website,2,1530.42,0,0,0,0,0,0,2,2,0,1
990,37,F,0,Widowed,3,High,3,49,Mobile App,1,483.5,0,0,0,1,1,0,1,1,0,1
991,61,M,1,Married,2,Medium,2,22,Website,2,801.36,0,0,0,0,0,0,0,0,0,0
992,26,M,1,Single,1,Low,1,9,Website,2,311.62,0,0,0,1,0,1,0,0,0,0
993,50,F,0,Widowed,3,High,3,11,Website,2,81.64,0,0,0,0,0,0,0,0,0,0
994,35,F,0,Single,1,Medium,2,25,Mobile App,1,1801.34,0,0,0,0,0,0,2,2,0,0
995,23,F,0,Divorced,4,Low,1,34,Website,2,1020,1,1,0,0,0,0,0,0,0,1
996,54,F,0,Single,1,Low,1,38,Mobile App,1,227.25,0,0,0,0,0,0,0,0,0,0
997,19,M,1,Widowed,3,High,3,5,Mobile App,1,419.82,0,0,0,0,0,0,0,0,0,0
998,47,M,1,Married,2,Low,1,47,Website,2,252.15,0,0,0,0,0,0,0,0,0,0
999,23,M,1,Widowed,3,High,3,23,Website,2,2393.26,0,0,0,0,0,0,0,0,0,0
1000,34,M,1,Widowed,3,Low,1,22,Mobile App,1,1670.79,0,0,0,0,0,0,0,0,0,0
